index,name,keys,id,type,size
0,ОБНОВИТЬ,DlO`,1459903566,2727259016,1047262425
1,НАВЫК,8yD,1136825802,1145131199,3678536860
4,СОКРОВИЩЕ,"1""#",618794750,4164433602,3007592020
5,ВЕТКА,^ha78H,4237676803,3176941706,2630216848
7,ГЕРОЙ,&Yr[,917140369,4098182552,486759623
8,ОБЩИЙ,<FB,2456205881,799347139,1090257018
9,РЕДКИЙ,KOY,2157336476,4250476626,2844816597
12,ЭПИК,=It,3163934086,1670616328,3480610005
16,МИФИЧЕСКИЙ,w^i,2615911044,3735874312,198269662
17,ФАЗА,N=.,1469027454,2154257545,1893076461
18,вы получили:,"0, ",759714082,2417002052,2264740324
19,Зайдите в,r]j?,3021336995,2618065469,550403178
20,коллекции,itY,780849390,1813509012,1823340018
21,зала,^{)|*Q;,1008410603,1122515158,203842527
24,чтобы проверить!,3d>,2051143148,1642193586,164057397
28,ПОЛУЧИТЬ НАВЫКИ:,{qI,3751985467,3691410708,2220434863
29,получил,IVc,4170805061,1874233719,1971833167
31,потерял,oqe|;#3t,575058131,3369740776,3347126071
34,потерян,J%[|}c>,3198279800,1041795988,1621099175
35,Выручка за этот раунд,nf+||k',2644558584,230930334,2080171122
37,БАЗОВЫЙ,mbK,821733848,950881080,2970147840
40,ПОБЕДА,2x<T,613484849,2951338636,1901018273
41,ПОРАЖЕНИЕ,cQc,1822022932,522777920,137138914
42,ИНТЕРЕС,{mu,254231837,3883811620,568355091
44,ГАЛСТУК!!!,^3W,2953957980,2781684667,3792618791
47,раунд,cWd,1289373430,687831081,3905260213
49,противник,HF',406164007,192093933,3524081971
50,Можно использовать только на этапе подготовки!,1fM,465986440,3411691423,1723904793
51,Недостаточно,gI4q|EJ[0|!e&,4255672645,3376093268,3019648857
56,исчерпан,~kz,3141966327,2379733485,4071907795
58,Нет навыков,hoK.eOQ,610942388,1464361356,2143462145
62,Не удалось получить,J;d6|C(Q,298837541,363392290,1386281666
63,доступен для копирования,D+!Am,2455843120,979602012,3435857514
65,был использован!,(]^,1373467564,3212407092,1944310060
66,Использований не осталось!,dPL|Y/q,3909817185,2810763275,3444695746
68,был использован в этом раунде.,Sz_,3716943425,2110222080,2204762428
70,Вы не изучили никакую,CEn|b4x,621587622,2981638040,2768149738
71,Можно использовать только при не полном,<)\,3093001970,3490861300,144651405
72,РАУНД-,A/`O,2910293567,870363008,1542802742
74,раунд---,U$N,272000647,3154418160,3776856797
80,Общий урон игрока увеличен! Минимальный урон увеличен до,?5I,2435982636,3282870891,3152426873
82,Матч завершился. Нажмите,-%:b,4165293907,3258678416,2036817689
84,ВЫХОД,]-t,3911494195,2164851422,4258779975
90,чтобы вернуться!,YyM,4027039245,2876852839,3009126761
95,покинул игру!,"!],x""Lyg",3716801809,730795328,353799166
98,Восстановление соединения..,CO&,2600137694,3117788915,3248575761
99,Текущая битва превысила лимит времени. Игрок с более высоким процентом оставшегося,h>I,4219398126,399349881,504459103
103,станет победителем!!!,n^~,1677814997,3034791214,1335383475
105,Битва продолжается слишком долго,"L,%mt_|Q'4",1075975123,2015980415,752122036
106,теперь оно будет ускорено!,F4y,3002850250,2670098706,3770813763
108,ВЫБЕРИТЕ,LXi|b(W,32961304,659936355,868087202
109,Подготовка к битве,\!=,2668796220,696287312,1247248666
110,Битва скоро начнется,rNB,3883228978,3373110791,2162671022
112,ОППОНЕНТ ПОДТВЕРЖДАЕТ,=y6=E,1263020774,2953700304,790678205
115,ВРЕМЯ ВЫШЛО,y3O,1089157850,1455986822,1948004405
117,БИТВА,MPl,689481053,1942683082,3203341283
120,БИТВА ЗАКОНЧЕНА,}jT,4247417098,587785058,311960235
122,Увеличение магического урона:,lZ<,4024572101,3609514571,2490375253
123,Всего,WM~,2579885977,162181370,1374224330
125,Разграблено:,}SL,1232649694,235496214,2007762120
126,Бонус:,u3pm,417141018,790885797,2653305043
128,Итого,s#w|l@I,3084472720,598820405,3585430194
129,Доход:,m4l,2580508027,3102547006,994422824
133,Расходы:,m5*8;,4209666162,3511470434,1944578847
135,Потерянное,jhS,3819118106,2201022157,422575025
138,игрока:,ffj,3852425198,4007110669,597408731
141,Всего бесплатно,AD3G,1284826434,3955161021,3375504248
144,Полученные шансы:,*<u1O,4098200399,3647344057,84429114
147,Награды:,e`W,1430615571,987051579,2787878309
148,Общий дополнительный,=5D|9)\1+,2411912384,3542995715,3690297036
150,Взятый:,wjvGI,3778238848,124835145,186829372
154,Общее использование:,`Lc{,2648667663,3211287079,1741384034
155,Шансы:,kDs,3948718222,364664911,1419095289
157,Недавние,ulz*O||PQ,3965678867,2347332660,3830593243
158,Оставшиеся шансы:,FtzJ,1422047943,105375880,936800580
162,Оставшиеся свободные шансы:,l;',3476840395,1534500443,3451976121
163,Счастливчик,nIx,3344542361,170141794,2246695472
164,Вы выбрали,w\pz,3556404267,1161323732,537092525
165,как счастливчика,v(z,1112503420,982641991,1674195525
166,того же,l*$,3549593042,451985485,38595645
169,"подряд, давая случайную",ep6,3627410926,2006171542,402017544
172,В настоящее время забанен,X`/v,3266276932,1062594023,471352837
174,Использовал,E(',3621315015,737849761,1270286810
175,Вы отключили появление,"v6L~""hF",3312016470,866854991,4211033511
178,Чаша,>Fv,271374214,3686987344,3968947533
184,заявлено!,fzvtE|m>.O,1650166205,1916201938,2830942156
185,доход достиг максимума. Автоматически получено все,+ck,2710427818,809467717,1755035546
187,Подсказка,7ze,3198973570,1092329531,3580396471
188,Получено таинственное сокровище,j]1,1172616863,1145146704,532360114
189,Таинственная,(jZko,2585600703,2146658236,3830908992
195,найден:,#jpE,1747976368,508618488,3893355896
196,Найдите,06V|5V*,1368409936,2635748641,3148881086
200,загадочного,=uP|C=*|TI;Ab,2469397531,4066380727,1248780464
202,найти сокровище!,!_W,3843476391,274372608,2441919397
206,Выбрано,2Pb,3561231957,3597009852,2181314942
208,Использование:,B[Z|eu=,410369244,185912329,1671460440
209,Цена:,akq,569028395,2799190442,3767451521
211,Получите,b>A^X,2132668040,660795864,2310911595
214,раундах,`2(Z,2539936511,688364618,2361153339
216,Нет назначенного,+~[,4107696499,3329003798,2682786399
217,Получит,vW4>u,1863770798,1605679668,3217421934
218,случайно.,=\_i,3938792051,1749634539,2316548857
220,Куплено в этом раунде:,x^q,1931534720,2837473118,1933632088
228,Эффект сработал в этом раунде,N=D[,165087239,2786280067,1295670160
232,В этом раунде:,Y07$E9PT,1534564151,2242338480,2890118782
233,Количество обновлений:,U?@,857803805,2060076029,950794641
235,украл,Z^l|eBg,862665949,202903620,4287794666
236,пользователя,.og|sPf|Hj?|][Z,2592486758,1687708791,3028381196
237,выбор,(To,3884908595,1381108690,3173707495
238,Вы сделали ставку на,Sk-,2686783140,3938754897,2563093125
240,"и будете получать награды каждый раз, когда они выигрывают битву!",a}?|dAq,3488244638,50456757,1434793134
241,Назначенная ветка,Xze,3100462795,3000867588,2644575016
244,Вы установили,xo6,4244156955,35998499,334152559
247,в качестве назначенной ветки!,&>+,3806516158,855498868,4060091435
248,Вы получили,pW&,2643166539,4006134697,347271362
252,УВОРОТ,P<N,2450108705,1397524678,229292331
253,Достигнут максимальный лимит раундов!,<-J|eu+,3345340022,206516087,2732065976
254,Макс,#n3%,1193858091,2631800085,645319736
256,повысился.,OfL,3991743077,3233345536,3889298655
257,"Невозможно просмотреть информацию о ветке, отличной от основной ветки других игроков.",DSJ|TnGy,1424718123,1691724955,2953044597
258,Этот игрок исключен.,~t*,3033487888,1210347999,1901027306
260,УРОВЕНЬ,-z.4{gjh,4020436824,3123133795,49783083
262,Еще не разблокирован,hnh,203894305,183797452,2914050904
263,Для разблокировки необходимо получить привилегию в Руководстве по Сезону.,~$\,3138446319,902052752,295511018
266,ПРИВИЛЕГИЯ,*en,3138770127,1815974005,409320468
267,Жду других игроков,XYZ<~,1659195723,2197822061,243955721
268,ДОЛЯ ДМГ:,<6r,3223997635,2163417423,2914640445
270,Недостаточное количество предметов. Не удалось обновить!,'|\,4052702786,2177249682,2433585516
272,Достигнут предел обновления!,v]:W|g3jI,529864472,2828325257,308616796
275,Выбрать ветку,\L5,398899400,3538460521,996706076
277,Выбери игрока.,SwX,1693826306,2760604216,834031840
280,ЯРОСТЬ,zZs|,3107495790,3888779499,2804220846
283,текущий бонус к урону составляет,qMO,3547763355,543736716,2358755152
285,Начать учебное пособие для новичков?,h\~,4048123889,3913296833,315378089
286,Успешно изменено!,rZW,3430985345,2874103198,971238039
289,Изучите навык,h]O$X,1582180403,2837784861,2795961130
290,не завершено,"|g)h|,B2|7~o",2136618081,1007733144,1280843674
293,Завершено,?0lz|:%2,2801444232,3932366738,1813662326
295,Улучшите любую ветку навыков до,N&`b,1888515305,4069444071,2921584456
296,звезды,I'sM5,513633725,163141140,3236859473
300,Изучите,rEC,4003135314,3287465397,2013785869
301,редкий навык,"Vz""",3999476727,759630803,3294692565
303,неполный,gP/,3048007680,4123790328,1724790909
304,Улучшите любой навык до максимума,>g&,3998941115,3287195861,1191966720
305,Улучшите ветку навыков до,NzTr|WYo,1674938301,708219760,3757958175
308,звездочного,5eg,3899183223,285159924,1069626068
310,звезд,3a&|)g&,3234530224,2324835095,4072432222
311,Изучите мифический навык,Q>_,3421135084,88300784,2600818595
313,завершено,f\y,856052264,2836416322,3199375007
315,СИСТЕМА,aO4N,3471123116,899490375,2995175764
316,Т О БОЕ,xK.D,1701645994,2782557701,3219161913
319,СОВЕТЫ,DVM,2192199465,860360021,3445447946
320,УВЕДОМЛЕНИЕ,KLH,3190898312,2383662886,1032575171
321,КОМАНДА,y&.57E,3341015975,4153883476,316819074
322,МЕСТНЫЙ,_9~,962743604,2108590782,4219532371
323,БОЕВОЙ,"05{,gu",679784682,1908444385,415435457
325,НЕИЗВЕСТНЫЙ,r)3,162202775,2322425637,2616934049
328,Из-за нарушения вами принципов гармоничного общения вы будете лишены возможности говорить до,..T#,3584503761,2874137578,2232155963
331,Вы находитесь в состоянии молчания. На вас пожаловались несколько пользователей!,!gg,304186690,2093202365,4096747725
332,Максимальный уровень Пути Славы должен достигнуть уровня,"nH}""V",319873706,1089054097,2692498495
334,прежде чем вы сможете общаться в мире!,UrhM,566033096,2238364259,2721928599
335,пожаловались несколько игроков поэтому его лишили возможности говорить!,@@sm8,2191658359,2754929127,2164288635
336,Вы уже сообщали о этом игроке.,40*x,3376307932,3065279625,1548697575
337,Жалоба успешно отправлена. Благодарим вас за вклад в гармоничную среду общения.,`VMEZ,903228424,1297147741,2143091123
338,Вы подтверждаете жалобу:,esU-,673808155,2426353794,2150446448
339,Жалоба на высказывание:,K{7|/9R,3380360874,1923632245,2284798040
341,Мировой чат временно закрыт!,YSL),3318518351,109139422,3520225130
344,"Невозможно подключиться, проверьте настройки сети.",<a~kW,3089107869,2264089224,344686225
345,ВХОД...,vUi,1857009568,1871061319,3962557430
346,УСПЕХ,4V#,1308547577,2981875233,2920678834
349,СООТВЕТСТВОВАТЬ,"|wn,e{5\FN",3044008985,3636151935,3282104788
351,ОБУЧЕНИЕ,\M6,268569126,2480461592,1636990381
352,Обычная команда,&[ a|wZP=,2365591744,1632817351,1206218963
354,Обычная,bk#}|#|7,3696823762,728278982,1500487408
355,Ошибка длины имени.,W'I*,3089988929,3749969201,2887977598
357,Имя содержит недопустимые символы.,p*0,2819709926,1889459190,2468174174
358,Занято,T_G,585165485,404781974,2526133185
359,Неизвестная ошибка,DZ&h),2871062541,912531208,1168948765
365,"Пожалуйста, настройте заново.",Fy`,3855190962,3171507268,4041524704
366,Через ежедневные награды,}B{,1108126836,1981165387,1535025068
369,Из наград Руководства по Сезону,Wxj,1130463104,1091272888,1689628586
370,Через подарочный код,(Y7^,55345357,130470254,3379614128
371,Через карту месяца,Rh1 ,2420226056,2518637383,2682312873
374,Через сезонное урегулирование,=_v,2468036430,3175081674,1320638793
375,Через магазин,9ug}|/on|>eb,17176929,3756620808,3014200585
377,Через коллекцию,S0P,2995731962,3415599684,3231756198
379,Награда за закрытый бета - тест,![YXK|:l.,3011368918,1772618964,1082880606
382,"Пожалуйста, разблокируйте",6Q:,1614010033,406651939,2485059
384,ОСТАЛОСЬ ВРЕМЯ:,bKm2d,1236659319,345119979,943270093
387,КУПЛЕНО,6<D,4187956892,687132329,27194224
389,Получил,v~^,3948411555,3087285244,4094863120
391,Срок действия,#CI[,3878735917,538809946,472889453
392,дней,"*X""",351373639,1981072125,1643267590
393,Дневной лимит,&8sw,1013993620,3081497000,4010459917
396,Лимит,ez|-C,1795130780,623060601,1808991246
397,Ост.,ce7,700003236,2596808749,547229003
398,СЛУЧАЙНЫЙ ВЫБОР,M+@.(I|w!+&,1650814117,774917853,4213500731
399,Случайно получите еще одного героя,WS$,2196137856,1738143596,2390316153
401,ОТКРЫТЬ,L+n,4033161751,2806384995,2863708262
403,В ящике с сокровищами,"B&,",3825375249,2903785665,3508378881
404,Конвертировать по имеющимся королевским сундукам,\F op,1335256951,3571334226,538964937
406,Товар недоступен для продажи или был удален,"y""o",2368552680,363476889,2796457817
407,Сначала разблокируйте соответствующие привилегии,.%=7bp,482880770,3331464769,1595789107
413,Превышен лимит покупки,bhm|MD n,1083461852,3429760079,2426152564
414,Покупка не удалась,:CPf,4185779096,679686805,2416583059
423,Установка не удалась,"}7W""Be",2006192411,3381847296,327115466
424,Купить что-нибудь в магазине?,PVEt,2252198883,3957867809,1305829024
426,Получение,"}L""",2236102855,1251031404,938883189
430,"Запрос не удался. Пожалуйста, перезапустите",>$@g,1731612892,303297280,2701648544
433,ЭНЕРГИЯ,>/5,980485847,583782124,3352677771
435,РАНЕНЫЙ,l~s*,2004551197,1377547359,2060567188
438,"Сервер на обслуживании. Пожалуйста, повторите попытку позже.",C+I,2266890522,1248236180,3011628814
442,"Обнаружена новая версия. Пожалуйста, обновите сначала.",wQ},2468319731,2091683595,1697269199
443,"Запрос сервера не выполнен. Пожалуйста, повторите попытку позже.",woJ|9/l,4240475855,959772139,2845386641
444,"Ошибка входа. Пожалуйста, попробуйте еще раз.",ucJ,2396146170,3874667482,578307563
445,Ошибка запроса информации!,l!4,2107326407,4072446548,1158279916
446,"Демо - тестирование завершено. Пожалуйста, играйте в официальную версию.",H\4,3523887572,2786532451,4170189715
447,Вы заняли номер,=U~,919520408,101311592,3876354276
448,в последнем матче.,",U_",4152272698,3765413270,3741332726
449,набрав,"oB,|f:S",4213950873,2233996010,2772457848
451,баллов,3lS|d/<,3772003398,439262593,2604097696
452,Командный бонус:,]JxK,1861013893,1296571735,2964910796
459,Бонус за серию побед:,g*e},2037932239,231291057,1605604171
461,"Прошлый сезон закончился. Перезапустите игру, чтобы войти снова.",~q#>,200195156,2356557183,783808171
463,"Недостаточно золота для битвы. Пожалуйста, сначала возьми!","cHV,x=",739779878,2566261285,1325689092
464,"Сопоставление не удалось! Пожалуйста, повторите попытку позже.",OUX,3332711874,2820483750,612644787
465,"Сопоставление на сервере, пожалуйста, подождите...",S6~|-Zx6Q,997845226,2522284063,1189344547
469,"Не удалось выполнить соответствующий запрос на отмену! Пожалуйста, перезапустите игру и повторите попытку позже.",*CL,2955184592,2062755638,2429125298
471,Сопоставление отменено!,NdX,1555351898,3323696879,2783076103
473,Подходящего боевого сервера не найдено. Пожалуйста обновите до последней версии!!!,`@}D*|<`L,1439217182,3543208872,3048446577
475,"Сопоставление не удалось! Пожалуйста, перезапустите игру и повторите попытку позже.",v;7,486300388,3619487715,4000033239
476,Соответствующий успех!!!,Jou,177933561,2433038443,2407886952
477,Создавать команды можно только в Лобби!!!,FjE,2112207587,3592963733,2847013069
479,Уже в команде. Невозможно создать!!!,<0D=,1500588972,1704514794,2527533793
480,Невозможно создать команду во время сопоставления.,bqVj,1198750761,3464277828,2079143291
481,Не удалось создать команду,KSk,2917450240,1590480174,1051158144
482,Команда,vl_~|KTA%-,285311892,927140860,250761877
483,создана,>Qc|,3263263916,3928582910,3285421366
485,Не все участники завершили свои сражения. Невозможно начать сопоставление!,Z:3,2932298149,259610528,209827233
486,Ошибка статуса команды!,P-xv,1556148510,3894720747,1344180524
488,Сопоставление отменено...,}t@a,3037115022,1926299941,531094867
489,Команда расформирована!!!,;.UK,3892983272,815642753,2297593748
490,"Ошибка ввода информации о команде. Пожалуйста, введите правильный идентификатор команды.","e,o",1684665798,1299841232,2412613687
496,"Уже в команде. Пожалуйста, покиньте текущую команду, прежде чем присоединяться к новой.",5he,3479196152,321130136,2115966783
497,"Соответствует, не может влиться в команду!!!",ACR,3884432267,2069607053,2876444646
498,"Команда, которую вы просили присоединиться, не существует!!!",vOBX,1867701455,3496285300,3753530439
499,"Команда, к которой вы обратились, заполнена!!!",g{',3067507089,635194330,1522759132
503,Ваша версия игры несовместима с этой командой!!!,]}dJ,530515586,396964549,1496611270
504,Команда уже в бою!!!,4y6|2\>?,1755756723,337490141,3097166955
505,Не удалось присоединиться к команде,C:[,2934850364,564545742,696188325
507,Присоединился к команде,>_G|efr|Xlo,15717222,3611680343,2651818507
509,присоединился к команде,yE7,339768186,2422944461,1762157541
510,В данный момент не в сети,FJF|sg],1431143266,1466802902,3196122276
511,Не удалось покинуть команду,'xj,1920842493,3883357624,4092331358
512,Покинул команду,Krr|.47,3859789930,4285346564,2727834828
513,покинул команду,"bG,|w3!",1124143482,2511529972,793856815
516,Не удалось удалить участника,%!aQ,969114128,3405174955,3956583210
518,Удален участник,qd=,3268236148,953406308,1217212714
519,Вас исключили из команды!,"""~w",2500869331,1588055996,1786177753
520,исключен из команды!,Q_Z|5$I,1421334140,3502742028,3596417756
523,Слишком много запросов!,5[H|,2538688218,531989309,3963712202
531,"Пожалуйста, не вводите специальные символы!",UF],4157842404,4232054433,1836869443
535,На данный момент у вас нет команды.,pzX|d#}VE,3958311606,2090869902,1931858745
538,Не удалось получить награды Руководства по Сезону,A?v|,740361416,1209914536,2232396004
541,Покупка Премиум Руководства по Сезону не удалась!,[$),2709885148,2002224379,3846009590
542,Превышен максимальный уровень использования или еще не время использовать!,FE]|X&`,341971790,4241392112,882207393
544,Не удалось использовать предмет!,d1p{G<^,3257344059,1452659736,3139782748
546,Очки опыта увеличены!,=ZS|?\N,835019077,941196084,1393891388
547,"Текущий матч не будет рассчитан, в том числе по использованным предметам или полученным очкам. Выход не влечет за собой никаких штрафов.", Uw},3025858504,2541533911,583216532
549,Был онлайн на,k.z,943338655,1421335064,389930330
551,и в общей сложности набрал,]:*z,1852495232,2841380658,1656137616
553,баллов.,"h\""%>",2703600136,677257956,3066477696
556,Обмен не удался. Нет доступных королевских сундуков!,^0j6,2093503332,3200720390,925524170
558,"Открытие Королевского сундука не удалось. Пожалуйста, попробуйте еще раз!",q^1|qrk,393126788,427071377,3653935655
562,Запрос таблицы лидеров не удался,eJV=|.L0T4/s,2542103119,907799627,897993096
569,Награды за этот подарочный код уже получены!,PG@,131381123,232079419,426553440
572,Неправильный подарочный код или он уже получен.,"""nk<<&",1905104627,180388933,3339518143
574,Не удалось получить награды за квест для новичков!,@T4,592869829,1241635578,4161357991
575,В вашу учетную запись вошли на другом клиенте,M3i,231573704,3012004031,3418101431
576,"Не удалось присоединиться к матчу. Возможно, битва закончилась. Пожалуйста, перезапустите.",eT(,2775410025,2596242170,1048047630
577,Вы не в бою.,S^h|H~>|N&b,3504884436,3014645625,224640145
580,"Переброс героя не удался. Пожалуйста, попробуйте еще раз!","5Gs|q""\~",3687502888,1374483371,2629283824
583,"Переброс сокровищ не удался. Пожалуйста, попробуйте еще раз!",K15,1798847165,2379706852,2260177464
584,Необходимо получить его после разблокировки Руководства по Сезону.,L\'a1',767164786,1371590853,1061773338
585,"Пожалуйста, не покупайте повторно!",">*EO\|""B1",3015868850,3072829099,408913582
587,Недостаточно премиум-пропуска!,.l?x,2889196673,2965238997,3266260565
592,Соответствующий успех! Подключение к серверу...,my:,1021636071,3369545498,3028537519
593,Только лидер может начать поиск матча!,Z(7,4001451451,33191256,1271628852
595,Только лидер может отменить поиск матча!,ZQ@bk],546867148,2017846337,2673071979
596,Ошибка статуса открытия,f>A,2168854424,2520324011,4287125441
599,"Пожалуйста, повторите попытку позже!",nDa,2425668627,4079292248,2625713420
601,"В матче, невозможно войти в руководство.",SQS,1855215143,1859389970,4033695626
603,"В команде, не можем войти в руководство.",+xmB,325686029,1986198897,1037209709
604,"Бой, не могу войти в руководство.","v8M,2Y",1412043349,2679049874,1076818919
610,Уровень вознаграждения еще не достигнут!,tC^|?vR,2349172373,1179401657,3249474885
611,"Пожалуйста, сначала заберите награды.",BbK,741485246,61589191,1342494288
615,Использовать,CZYW,2593258205,3208222217,1716049344
616,Карту очков Пути Славы,IW#B,514177609,3678417301,1927758172
620,чтобы получить,~~8,2785523283,3293590131,759051493
621,очков Пути Славы?,y)?|e[a,284887131,4050179400,4268632122
622,Хотите ли вы использовать один,9Tl<*_|P/g,2425049218,4197002333,3825695193
624,премиум-пасс,wT=7O,3532115047,1183299875,2069996847
625,для премиум-канала наград Руководства по Сезону?,/\\+H,2522355511,42646556,3971193996
629,Имя не может быть пустым!,6$!,1740580998,2631491608,3025314735
630,"Имя слишком короткое. Пожалуйста, попробуйте еще раз!",7tM|Q{FpN,4016250756,17777083,1612722684
632,"Имя слишком длинное. Пожалуйста, попробуйте еще раз!",IR},383671249,432476751,2727494207
633,"Ошибка имени. Пожалуйста, не вводите специальные символы!",yl|,1355744306,1318169245,635720643
635,"Сундуки с коллекциями автоматически открываются при их приобретении, и полученные предметы можно просмотреть в разделе Коллекция.",pfC,2636262625,4082584570,847610015
636,Вероятность открытия одного сундука:,zapLN,1973034613,3268171408,1612770833
642,При получении уже имеющегося предмета коллекции он будет конвертирован в,XFQ,3082870080,4227648367,3165369101
643,в зависимости от его редкости,M>K1,3828408753,4063279337,3218559270
644,можно использовать для обмена предметов в системе коллекций,\kX|T_%7$,2575393617,1055375624,2215831996
647,Конкретный коэффициент конверсии:,vT`|/xs,1481297028,2487747619,364881173
650,Каждые,"_n;|k~i,6",1713411961,999911738,1702774912
651,розыгрышей гарантируют один,|gW|pT!)>,332186536,3681487927,1774461283
655,Хотите ли вы разблокировать Премиум-пасс и перейти в Руководство по Сезону?,cf9,2168094959,95953397,492691814
661,Премиум-пропуск разблокирован,c%Mz,309361835,2091149903,3241179065
663,Эффект звезды ветки:,J_G,2899945736,3955657650,3521266177
664,Достигните уровня,v0gs|M=X,4281374911,3593016067,4165231823
667,чтобы разблокировать эту ветку.,"~}Z|]"".",1583449415,275788205,1577034635
669,ТЕКУЩИЙ УРОВЕНЬ,]}%}gC,84835929,4106588406,2648380240
670,ВЫСШИЙ УРОВЕНЬ,">kH,",3502999820,1097906892,1020879254
671,РАЗБЛОКИРОВАНО,/*++,2076495358,767588508,3862718727
674,ВЕТКА-ЩИТ,x/O,3359075111,4123884979,3871995539
676,ВЕТКА-РАНЫ,NXu,3963603206,1876920058,1579404897
677,ВЕТКА-Дух,F0C,3916080777,3276911130,310235999
678,ВЕТКА-ЯРОСТЬ,lofo,1825751663,1145530182,1787819903
680,ВЕТКА-УСКОРЕНИЕ,.7:,2519868979,778357519,4205413829
681,В собственности:,TZC,3992734590,1683405188,3077415604
683,АТК ДМГ,"Bk~|pv=""+",3004093120,3899463050,2944866467
684,АТК ЦНТ,wl|,333271406,1574145742,242075932
685,Скорость атаки,m~i,2430448668,1085490120,1618677421
686,Крит,DypR,229485792,3116583574,3863223321
687,Уворот,6Mm>,3329460496,805163648,1754835368
689,Ульта,LbJ,216492459,2418252360,784710328
697,РАНЫ,",""+",3829366675,1507989441,667789110
700,Святой урон,KB;|/hJ|:fN,206010571,1397287966,1100717027
701,СНИЖЕНИЕ ЭФФЕКТИВНОСТИ,$Y+,712561131,3160204449,1775317393
703,ДЕЙСТВИЕ ДМГ,",_h|QHZ",3240064994,1157987768,2939304413
705,ЛЕЧЕНИЕ,jRs,2749007962,1301536569,4265803498
707,НАНЕСЕНО УРОНА,COi\,1917641319,448665292,935791935
708,Базовый урон атаки,%-K6,1948617870,3662778057,1779830010
710,Количество базовых атак в секунду,\*4,2079794606,391122717,2192976999
713,Каждое очко критической атаки равно,zvR|d@AA,2113733749,37451560,677834791
715,КРИТ. По умолчанию только,-uyd|}{n*s,2663862404,675339968,2816010973
716,может вызывать критические атаки с множителем,)\8,114976388,1809795190,1319212336
718,по умолчанию,[Zu|08q,2899565658,1252764558,4002795665
720,Каждое очко уклонения соответствует,NW^|-*H,587662416,729810338,2522346428
721,уклонения. По умолчанию можно уклониться только от,zP7,3124491770,3372096384,977883444
722,"Ультимейт героя, который по умолчанию автоматически применяется, когда Энергия достигает",tb!f,499370815,513081733,598373273
724,По умолчанию герой восстанавливает определенное количество энергии каждые, n:|mFg,3031114636,259921166,1101501432
725,"с, а также восстанавливает энергию при потере",%js,4059513035,3366426854,1442219734
726,"Герой автоматически использует Ультимейт, когда Энергия полностью заряжена.",#B8,1125988818,1904716521,820257352
729,"с получает урон от яда, равный текущему количеству стаков яда, и одновременно уменьшает их.",CA8,322788145,1149512283,2184198362
730,Каждый раз при получении урона,4qx,979280432,4148578105,1023103632
731,за исключением священного урона,>~K| ^R*A,333376313,252402664,3765599314
734,каждый стак Щита уменьшает,j:-,1914231626,2969437439,3935749090
735,"урон, а количество стаков Щита также будет уменьшаться, компенсируя раны.",CIc+,3673858328,1168457832,4139145817
736,"Каждый раз, когда наносится урон",^X2,3873110801,83184603,1379779430
740,каждый стак раны увеличивает урон на,Kne,2277982594,2313384112,732748561
741,"а количество Раны будет уменьшаться, компенсируя Щит.",>%M,1024492771,3136548197,1021626877
745,Каждый заряд,)7J1w|gs~,2329875600,3261717515,3306792879
747,Заморозки,"=t.z|]""^",3642182136,2651087921,3842445190
748,снижает скорость атаки и скорость полета снаряда. Стаки заморозки будут автоматически уменьшаться каждые,+i{%|v;R,3124847925,92887354,69013523
751,с. Противодействует эффектам,9ll|.-?[||&s,2415916646,723320098,913399004
752,Ускорения,tPB,885360440,374187796,2425710914
754,От последнего истинного урона невозможно уклониться или нанести критический удар.,*{.&|fG>,4080090853,3518014831,2206849911
755,После изучения навыков ветки духов на поле боя будет вызван небольшой дух с,d9&,1187849594,2620572924,896773406
756,"дух имеет душевную связь с героем, разделяя",_uA,355413762,2292889326,2537443374
758,"полученного ущерба. Если духов несколько, они разделят ущерб коллективно.",1\e5,1225138632,4121850040,129603979
759,Потеря,"VTK^|f|,",3075906328,1725244395,1272149019
761,увеличивает ярость. При достижении,<> ,2403855373,2859804234,1773104101
764,он вызывает,*Un|8haJV,3934523718,1994582631,3310305010
767,"секундное состояние ярости, при котором каждая единица ярости увеличивает урон. Ярость сбрасывается до нуля, когда статус Ярости заканчивается.","""V\",2235447030,3799099413,3249885850
769,Снижает эффективность срабатывания эффекта. Если значение эффекта меньше,SIY,4200044533,3694513021,1612414113
770,"существует определенная вероятность того, что триггер не сработает. Если значение эффекта превышает","O""`",869621361,599617291,90417545
772,значение будет уменьшено на определенную пропорцию.,xt(,80763619,4195292986,635882998
773,Попытка нанести урон врагам отличается от фактического нанесения урона.,3]D,1469717722,679546851,2198346324
775,Восстанавливает,=O\,1380604622,980824889,3685790470
776,Акт фактического нанесения ущерба.,J9]s|_$n,2790140400,2385712023,2627388857
777,Абсолютное усиление,];D,2326280233,3257081509,2903008075
779,зеленый текст в навыке можно улучшить.,\^R,3844829590,1179030521,2657436784
781,БАЗ.АТК,S.l,634985303,1960295471,3756788827
784,УЛЬТА,XA~_,1612845349,2743223444,2982775727
786,КРИТ,j|_$,51229231,4021064902,2268614743
787,ПОДЕЛИТЬСЯ ДУХОМ,pP@,3088387153,4050824501,776494415
795,БРОНЗА,!go,3813331327,449743712,763226966
796,СЕРЕБРО,ZC_,3393844553,2165580490,104887422
799,ЗОЛОТОЙ,{x(T*,236132033,373003573,2080220382
801,ПЛАТИНА,{i+,1283507373,2946119843,3040409725
802,АЛМАЗ,x]i,2773682321,1783546989,2304262456
805,ВЛАДЕЛЕЦ,O>B,832151197,3695948867,3450322143
806,КОРОЛЬ,50&|s'/-@,1134229445,3497216355,3248499792
808,СИЛЬНЕЙШИЙ,091,2487721062,721084281,1371413144
810,ИНВЕНТАРЬ,Gw0q,815696507,155656917,879319613
812,Постоянный,FyuV,2244821254,1328084448,1820536106
814,Сезон,#5pO3,1660687566,2424464498,1563692097
819,Истекший,2GL,825343838,65764681,2574044192
820,Очки,(TcPC,588086321,2343440686,2933860652
821,ЗОЛОТО,-kD|Uy\|;/%(,2918614232,958510205,978341154
825,Опыт,O)F+,2667429758,4038716690,3446006319
828,Азия,.]g,2123658938,112735407,2362028160
829,Северная Америка,S]1w,23236079,3643897477,1806602445
831,Европа,Mi7|edD*,2559819909,1723867392,4275951254
832,тех. работы,$^s,323463379,1807510152,3907717367
834,Отличный,<_hi,4196830883,290822331,4155212965
835,Средний,2fd|Td5a,1565282980,207355282,3117631559
842,Плохой,%{?Q`|nzQ,4108558535,3596341384,2808026611
844,Статус серверов:,vUE,2609002859,732664279,3206969167
845,Скорость сети:,m/X,2867755021,801707130,3768625680
846,Мастер клинка,qc`,2608972200,3902562693,2604437620
847,Инстинкт убийцы,nK[,2942448994,1073902836,3960646309
849,Каждая битва увеличивает,Raj ,3072662366,1159863278,2422158366
851,героя на,85],46818808,3497436657,1577981159
852,Штрафной удар,#0[zL1,3728541318,1027097235,1672984161
854,"Метает световой клинок в сторону врага, нанося ему",x1G,1461192684,2325213057,2123967508
857,Физ.урона.,m1r,743451780,3286480856,3852681237
861,Скрытый клинок,t>*,2857935905,1984734681,1323587207
862,Прирост уклонения,cKg7y8,3450150694,3431735750,1903829589
863,Получайте,n.j,3112114212,4075050936,1067447227
868,уклонения,g)x,607624389,2578055064,458574562
873,за каждое повышение уровня героя.,Vcf,2572614945,3992644628,2175796947
875,Теневое комбо,cr#,694209586,3799401118,1488275446
878,Бросает,)=w,1542648143,280166766,2914741547
885,"дротика, каждый из которых наносит врагу",v4mK,3966646409,1202667992,129767300
886,"Маг. урона, и увеличивает",v7A,3149895395,1895948811,1678719088
890,Уклонение,87t,300651049,3434533998,3457948131
894,Яростный Командир,o1y,119154207,3079678044,1634760103
896,Летальная атака,!)),3405738299,4265957946,2980169118
897,Увеличивает первоначальный множитель,/!m,1017459179,1567529074,2747365276
898,Критического урона,7=',2798431611,1363376475,2817847013
900,Взрыв бомбы,nYd,2498624703,326636453,642128015
902,"Бросает бомбу, нанося",S;O,3915768456,3407890381,1981242738
903,Святого урона,X5&M,4148966352,3165595222,1914856074
906,врагуи снижет его максимальное здоровье на то же количество.,3Ag,217536708,2946499594,1359087130
909,Король гномов,Wzd |E<*yn,1943630310,3623593687,203382527
910,Закал,=^H,3710201417,251993478,2499589729
912,нный в боях,p[Y5,2005645839,860538809,1207751994
914,В каждом бою,T[i|,4277676724,3260867840,68676069
918,Макс.,(Dqh,2034914226,86629749,1952737479
920,героя увеличивается на,",X:/",2355392070,3763468667,762559290
921,Молот бури,5O%,1325499419,723093873,220472158
924,"Бросает стальной молот во врага, нанося противнику",^o9,4065141824,2680760598,154329314
926,героя. Магический урон.,YA)|mo],418804731,1637961501,3732175684
927,Панда воин,2k*|l?),1883424218,1553149263,219866896
931,Пьяный защитник,~msb,146151153,663337778,2904079160
932,"Каждый раз, когда герой получает урон, есть",<]:m,2148996718,1356309834,815082368
933,шанс,-}(,162354244,757356533,3428128598
936,восстановить,e1f,1019687960,1920206645,530698211
939,уровень героя,p]Vz,2821524040,32320128,2371960510
941,Тост единения,X\n,3683878155,1617389613,3788063478
945,Мгновенно,./i,3408009394,175201003,3321659251
946,восстанавливает,=O$,3195126692,424197990,636265966
947,"бросает банку с вином, нанося противнику",^{r,1763058908,1390371957,4050862976
948,Маг. урона.,Z|q,670710065,1500126263,3404472965
949,Мистик,{h%|qE|,2405754875,1905701638,3064498873
951,Запас энергии,$ctX,4031063799,1140188158,2555473048
953,"После начала боя каждый раз, когда",crT,3833605430,2794656970,3188673911
955,"используется, урон",lXV,4079990554,1796684702,3871814227
960,Ульты,KZZ,446880502,1753752427,1099421441
963,увеличивается на,069qi,1446198649,2181596055,3336235853
964,максимальное увеличение -,Re^,2372114070,3374295630,2253127105
966,Магическая сфера,SOH,3917752124,633997796,4144846334
971,"Призовите сферу, созданную из энергии, которая летит к врагу. При попадании по врагу наносит",7'S,1339430158,3618813207,2025386803
972,Уровень героя,JHt ,1303683740,681359196,2881209339
974,ед. магического урона.,mUUX5,3179026562,179713647,1082486672
975,Ядовитый маг,#!y|$Jp,551952198,2750245840,1516986250
976,Глубокое отравление,'^W|0Zg,2374889301,1386719642,4035401911
978,Увеличивает весь,-1H,2289471222,3525769381,3444967094
979,Ядовитый,",|.",3404611436,889869360,814599503
981,"урон, получаемый противником, на",BHDv,4100147536,2583427936,3767187129
985,Концентрированный яд,eMV,1775703667,2257795238,2733666992
993,"Бросает токсичный шар, который при попадании во врага наносит на него",+70,174950400,83785617,3933901360
999,стаков,{)k,3059555445,1814383111,3398223311
1001,Ледяной владыка,kGp+,1487190838,2156964264,1211837489
1004,Глубокая заморозка,7gO|tM%,317301743,3954333490,3076671191
1006,Каждый раз при наложении,c4l|CXs,3509533706,559276087,307656773
1008,"на врага, случайно замораживает и деактивирует",GLQ|}F0Uu,2909135888,4012852003,1865767451
1009,летящих снаряда противника.,RQWI,359209547,3242662752,3465628422
1010,Метеоритный удар,_S&,1417766513,2304888058,983289931
1013,"Призывает ледяные глыбы, падающие с неба, оглушая противника на",oM1,726616829,1710421845,4136717640
1014,с и нанося,lN&,977059800,345810945,2484121730
1015,Королевский рыцарь,[se|~a\,374200360,1483768237,1621458581
1019,Доспехи знати,1B]|9pHk,156089154,2627380309,3758350764
1020,Уменьшает естественное разрушение,x6O,1031969293,2144710473,2755755043
1022,Щита,h|],782854500,989784597,3258378058
1023,Владение щитом,PPD|FRe|xXE,3394770862,2586400290,2259819624
1024,"Вызывает стену щитов, которая да","I;""y",105154697,2632422685,1254651972
1025,каждые,yh|!|WA|,1249840650,2872289783,3253452432
1026,"с, длительностью",ZW){,2466479499,3256107841,4228731334
1028,Апостол хаоса,fhm5d,2500306852,4167884936,2851336867
1030,Вторжение зла,tn.<|Lm8,428556035,3478473763,2606116055
1033,Когда здоровье врага падает ниже,\`.,2660469214,369628940,1261096243
1035,мгновенно наносит ему,rm^2,232225760,402879227,2497840788
1036,Может быть активирован только один раз за бой.,}p<Kz,3396179947,3051618688,1318972446
1040,Сферы-близнецы,i3?M,1448430686,1298072335,279972123
1042,"Призывает две сферы атакующие врага, наносящие",J*&G,1768128249,3456719399,3203764000
1043,Физ. урона и,`?@],1531592674,4058468892,2667558490
1045,Маг.урона.,ynG,1842383740,3441006958,754378075
1046,Чумной колдун,:na,2153563394,2737754237,564023391
1048,Ядовитое исцеление,2_^,1536430731,1002200214,2702132560
1049,"Каждый раз, когда противник получает",cL ,2765379180,515909715,1628157225
1050,"урон,",_n5,1967338849,3561874156,927455874
1052,равный,y#d,1076632049,3738500495,3716551882
1054,"от этого урона,",t3H,2027527308,1869889122,3050211405
1055,минимум,m=zF2,69238731,4074059090,2465421037
1056,Эпидемия чумы,hXma,249740630,385340470,579455660
1058,"а также бросает ядовитую бомбу, которая наносит",3j=:?,774634989,398110367,1449042757
1059,на врага.,lo$/9{,1709390924,1186500704,1667199694
1061,Воин племени,:~0p^,956300983,505348791,1023269438
1063,Улучшенное здоровье,R*&,816298577,2026723623,2792458604
1064,Каждый уникальный навык,yFc,3388727154,3215033674,3103163339
1065,ветки щита,>J1L#R,4031290625,3187812577,3110737569
1071,увеличивает,V~&,3451489855,1987137087,2621856633
1072,Щит здоровья,f$4,2288373508,1432111709,2306037835
1073,Мгновенно дает,"/I{""",761796076,1954763290,2739254389
1077,Героя,@nEW|o?^,159457517,2862226303,459434382
1078,зарядов,|xb,2046266983,2563328857,2890972550
1081,"бросает боевой топор во врага, нанося","Iq,i",331209852,1686931245,4004515579
1082,Физ.урона..,IK$,3603694344,1275337286,2270292408
1083,Лучница на тигре,Hi<,3142450127,542360628,3427433139
1085,Благословение луны,L }8,1254254484,2400221223,3635652159
1086,Каждое применение ульты увеличивает,"x9,",4050917894,3073765432,579338713
1088,длительностью,<&zK|~%^,2052285661,4222312311,1034429821
1089,Лунное перо грома,{9U.,3188554404,3751233969,815368822
1090,"Призывает молнию, которая мгновенно поражает врага, нанося","5'`|x;,p",3133892083,2936359414,2147107910
1095,"Маг. урона. Кроме того, увеличивает собственную",X[?,3815141962,3474915588,3392270697
1096,Этот эффект может суммироваться.,cEC|fRJ,3892453208,948629458,1447268144
1097,Теневой демон,?lkj,1046896753,941517833,2333509601
1100,Восстание зла,"|Y""P",1651636800,1120341121,4206096458
1101,Во время битвы увеличивает,~C<,2037393012,1090348568,2608245693
1102,"с, вплоть до",90UM|>m+,4220131521,2280742834,259747856
1108,Штормовое разрушение,\+0`,2612215606,3980091167,2604433243
1109,"Вызывает бурю, которая обрушивается на врага, нанося Маг.урон, равный",UZ-,2384552370,2908851577,4288577041
1111,Королева наг,+|_,2598992871,633255188,735289322
1112,Замораживающее проклятье,]#U,717413308,1657813127,41621566
1113,"наложенные на врага, дополнительно накладывают на врага",Vhp,949922529,3830590842,2227439457
1114,Ледяная бомба,!dA|sC#I,3870164597,78767572,1987111811
1115,Запускает,UfUS,643672208,1503395558,1778284276
1116,"ледяных бомб, каждая из которых наносит",1Nv,3069020707,274509586,3310342121
1118,Маг.урона при попадании и накладывает,N`Z8|ih.,1420602104,4144034029,3057473150
1119,Вождь минотавров,rQT,772635604,3058680485,1407165819
1122,Доблесть крепнет в бою,oa9,1552646633,3091202182,3158003410
1123,За каждые,}{/,226419255,2047889534,1452953642
1126,"единиц, на которые","i.,",1411696755,2814170701,2563214737
1131,текущее количество здоровья,W<R,1707003237,1027944269,2421657417
1133,героя меньше,oZw,1585384104,2032962555,28947104
1135,максимального количества здоровья,^DZ=|/s{,923112774,2976084375,886427380
1136,Ударная волна,$c8,1821089429,2358690693,298314266
1137,Выпускает в противника,O;%,3893518477,2877234955,3764372172
1146,энергетических волн. Каждая волна наносит,zUq,633570975,1477067448,1304228681
1149,магического урона. За каждые,p\z2,3628187389,1460557199,548552183
1150,единиц,^$#v*)$',1364052676,2260614054,1071430773
1151,дополнительно выпускается одна энергетическая волна.,\vh,4138658392,2563639043,682021045
1153,Тиран ледяной тени,"Cuk|K2F,2F",2889366199,658644731,60855237
1154,Пронизывающий мороз,rRZ,2159469889,1750224211,3979716056
1158,стака,'sZ|l+.HZ,1004959364,38521420,1751389157
1161,заморозки,<~8iv,3133779871,745980343,1042306656
1163,"на противнике, ваш",".l""@",1196297377,873998353,814388968
1167,урон от критического удара,:)\X|ulKs,2320391042,3792735282,3682016165
1170,Ледяная клетка,)HM|0B0GH,2789573611,1753901917,4087915393
1172,Обволакивает врагов льдом. Каждые,*ie|rnP,2254449087,1517364943,1531074628
1174,секунды накладывает на них,4)^F,2562489647,3729678110,4041830087
1176,"Физический урон, наносимый вами, гарантированно будет",~cd,2791378058,3200350436,3696522915
1177,критическим ударом,3D$C3,380455828,2348965146,3388949735
1180,в течение,M]U,2952607121,3799634863,1005639978
1184,секунд.,n'Q|A9D,3054821043,2091544983,1790019513
1188,Паладин,9^^|k8*,1332751786,2055180882,710032475
1190,Отвергнуть зло,D=l,3209488373,409171718,2441730841
1191,"Каждый раз, когда противник применяет",w9],3529521168,3168182846,3139758328
1193,Ультимейт,$yN,97413536,4197576809,3431297738
1197,есть шанс,wOh,2932436064,776656020,4168311028
1199,наложить на героя,LzM,488152423,1829624036,1353577645
1200,Священный приговор,)zO,1928719407,1304947379,4117294936
1205,"Призывает священный молот, который спускается с неба, наносит противнику",wKK,1554166623,3576542025,2826800889
1206,Стаки щита,"T)4|;4'|SZ,",3867018105,3971473936,3053065103
1209,маг. урона и,kyp9|ZzV,2703524312,3620231512,2119655248
1211,равное,Kh:n|MrT,4287060755,204637002,2419068446
1212,от этого урона.,uc8s,1757488157,3981758231,3111207030
1213,Астральный маг,ewd,4057761975,3060579101,2196740471
1214,Высасывание энергии,\d`q5\,18163743,2090366688,3765144670
1218,"Каждый раз, когда герой получает Маг. урон, есть шанс",A2Z,814918317,3375392366,2000536400
1219,Энергии,|)(],2350352796,2210246726,241007027
1220,Суд Ворона,/5*|ix12,858511091,307127732,4178954327
1221,"Призывает ворону, которая атакует врага, нанося",<]q,2112597335,1040848245,3875339296
1222,Маг.урона. Каждый,J_/)J-=,1153456903,1143414558,1794848528
1223,стак,J_.|a{YO2,1434564747,2983489373,2897268390
1225,на противнике увеличивает,|s|X,1037988127,3576186543,1023929688
1226,Максимальный урон,``icS,2183856905,32947950,2663150680
1227,Теневая убийца,Sav,2236574701,2914447343,903661050
1228,Кража уклонения,buS,1134940643,3447572218,325075911
1230,"Когда начинается битва, крадет",~Ni,347151609,1153072415,320365421
1231,Уклонения,~Vx[|SR7|-5O,3108568754,3139910510,4277628630
1237,у врага.,m9>vr:,3197604319,462554556,706666197
1239,Колесо мести,6MB,1489556125,1472214553,623696085
1245,"Бросает во врага ядовитый диск, нанося",Np<7N||Eup,4081894959,62427063,1800755825
1246,Физ.урона. При попадании наносит,HGvfK,3386779865,4291514061,1823141868
1247,сумма,n8h,1394399954,596377572,1401087562
1250,обеих сторон,<yY,392908762,1505992769,712155527
1251,Лесной пророк,CZv,529973522,1117203000,1145714016
1252,Аура поддержки,ftXP,824594708,3715719382,4183679683
1254,Духи,"'?86""",3483513428,285946823,3378941081
1255,"получают урон,  уменьшенный на",)zX,1598591137,3249535654,1310582741
1256,Опутывание,"-z#""",3654390258,3294926401,371936386
1257,"Призывает лозы, опутывающие врага, наносящие","gb""\",3916720115,97948346,1344882637
1259,маг. урон каждые,Q^9p/},248540264,3169484424,146282065
1261,с в течение,]SX|pue,4095397655,3117469805,1949012210
1262,с. Каждый,b0X,3486020515,3397828807,1432135783
1263,на поле боя при использовании ультимейта продлевает продолжительность опутывания на,&_Z~|:R}1,2822319462,1171159309,1903469159
1264,Повелитель хаоса,LW6,1041040520,739161845,3468183142
1267,Трансформация зла,A&da,1476754241,294708509,55290986
1268,Когда,!v+?|6-v,3724318070,2488372864,1364089604
1269,"умирает, он накладывает",~i`,2169749265,821200536,1971832026
1271,духа,"D,a|Dtn",3845068321,622040634,177136896
1272,Приказ подчин,Z@-3,1635580779,932380715,2159086724
1276,нным,0U7v,30188105,222833280,569710384
1277,"Призывает метеор, который обрушивается на врага, нанося",^ES,815606483,423571741,766606996
1279,Физ.урона. Если,kuG,2197825926,242821141,2820067385
1280,"жив, призывает дополнительного",Tm$|R??ot?K,1231861874,231870499,490279480
1281,Уровень Героя,p>i,70881233,4098291466,514258421
1290,Всадник на ядовитом драконе,8V~,1735993636,31101263,3991178355
1292,Погоня за победой,Ec8ps54,2636500686,2601838454,263375293
1294,Увеличивает,"bj""",3781655885,2808492220,3716110282
1296,за каждое уменьшение на,Vza65,3456338435,2165125270,3354077201
1297,текущего,?@(|7$<,1932328421,3713525137,2317019363
1298,противника по сравнению с максимальным.,Y(b,4085085353,734383628,2745157634
1300,Свирепый шторм,"`c""p",510600394,2285933654,2196379959
1301,"Вызывает яростный ветер вокруг врага, мгновенно нанося на него",S6fz|4*Bo,500384553,2110580968,2511334920
1302,В течение следующих,v~j,1941744577,481644566,3332528716
1303,"с каждая базовая атака, поражающая врага, наносит дополнительные",\X5,494106921,1341890084,3531086157
1304,Маг Льда,8I;`,1707950999,2449240422,1724281919
1306,Ледяная мудрость,Gx_,3443323659,1669179069,2652800748
1307,Когда на врага накладывается,fAj,1775542419,855025170,3462519033
1308,заморозка,~\~,468218185,1243375831,1830488274
1313,с вероятностью,q}'|O+[)[,4286684387,3141201103,2646809853
1314,восстанавливается,<<r,4047761843,1315255421,4272796458
1315,энергии,":6L""",2997967387,1100138295,700498723
1316,Метель,dsJ,4123318187,2435049852,4229353134
1317,Призывает,X{e2H,3668653864,3162405803,1727076098
1328,"сосулек, падающих с неба во врага. Каждая сосулька наносит",/BA~t,2021789412,2929244812,2642385353
1330,единиц магического урона. За каждые,"i,`:\~|m{-",1899101182,4121521504,1507500254
1332,на враге дополнительно вызывается,dWt,1453513095,3341957959,2564015187
1333,сосулька.,^\L,667621634,3118392763,467588235
1334,Алхимик,@Y7~,520289574,152575487,2368646627
1336,Кислотная бомба,y):,3058346487,1851910353,1618672406
1337,"Каждый раз, когда герой совокупно получил  урон, равный",;~$j|!co,658298393,143810584,2584682426
1338,накладывает на противника,cs82,1688166183,2667864784,2774710157
1339,Химический шторм,We`uC,3995195225,2439259398,1386591660
1340,здоровья каждые,:X#,3174184842,142591675,2838648437
1343,секунд в течение,\m48|xK 7D#,2317385436,2157822905,467434648
1344,секунд. В этот период все наложенные,)?P=,2869558634,4207756748,4094511110
1346,дополнительно увеличиваются на,CER,2432250810,4237225231,2246437342
1349,уровней.,87c,3519097786,3462687036,1534595903
1350,Бог возмездия,7TT,1778107359,1851421583,1992403548
1351,Восходящие Тени,=uOT,44194680,2483345026,4122267011
1354,здоровье,{=L,1594479174,526049352,3087546574
1356,героя падает ниже,.x&N4,2017189406,1259772598,607761450
1359,уклонение,@$x,264465216,2679829376,2448760557
1360,пунктов.,{*e,4062758917,399938146,2057335108
1364,Теневое Покровительство,ws`,934703070,3767600907,1600702334
1365,"Использует Теневое Покровительство, чтобы получить",Oyyb|H9jt|~Sm,3955419903,817829969,3049467136
1366,в размере,8f{+,2908953056,3211853861,2012249578
1367,наносит противнику,{2?|8H',3623923017,3385343784,2525414466
1368,Духовный священник,1a@yc,1519758414,391056071,2376098551
1370,Теневой сдвиг,/M ,4059039115,1332022388,3268078992
1371,Когда присутствует,m_t|/r},3680687172,1893806636,970888448
1373,Регенерация,Eu/Z,2156608929,993885556,49441074
1374,героя уменьшается на,ZCN,4019091703,1443912198,836011166
1375,но каждое,g%7|0eOg,3297656955,3978528776,4269160363
1378,восстановление,y-O|=OF,2610388310,1930440037,3653257688
1379,наносит,(YLZ|U_n,109400050,1444013857,234984955
1380,Количество регенерации,n)x,1213504500,2308944168,918631122
1381,магического урона противнику.,3r2|k4/,1004932368,2484303289,2599300980
1383,Стрела боли,'03,4085649033,3926130614,1422407100
1385,"Выпускает теневую стрелу, наносящую противнику",nP_,704216777,35898497,2478004798
1386,магического урона и уменьшающую восстановление противника на,.< ,363744791,2256634725,3358144802
1389,Гоблин-инженер,F|ld+,3036132097,3566764972,1797185573
1393,Инженерное обновление,H]P,816902047,714450092,1735145752
1395,Увеличивает магический урон на,ucJ,3189609904,47287409,1209141271
1397,"за каждый уникальный навык, которым вы владеете.",Q9K,3177195856,773855909,1801860520
1399,Огневая мощь,XGP,1145776892,1289305595,3404823752
1400,Выпускает,";{A|(""K|lJ*",2747005603,2446687681,2154794907
1401,"ракет, обстреливающих врага, каждая ракета наносит",w09^,4125711025,2474140709,2730621980
1406,физического урона.,3se,2605603268,2699998634,2055575716
1410,Разрушитель зла,HdO,3449571258,3963749392,1433733736
1411,Обнуляющая атака,{6-,142587368,1090600998,1889423194
1413,Каждая базовая атака уменьшает,XHn,127945634,3022462841,1553273532
1418,Энергию,4VF|<aI<,1391072327,741930231,3831104086
1422,противника на,OZ3L<,460891579,110226426,2104625481
1426,Взрыв пустоты,vOV,2139292249,3202580790,4142575525
1427,"Концентрирует энергию пустоты для удара по врагу, мгновенно нанося",8$KL,2998007191,2358886440,16148417
1429,Уклонение врага,99m\,1297628179,3489061066,2023040682
1430,аг.урона.,<Q:,1497937489,1826966675,3163400824
1431,Огненный Джинн,Yz3,2214530572,1139785668,738234541
1432,Зацикленное заклинание,))a+=E,1850061776,3283003140,4215839266
1433,У ультимейта есть шанс,7mm,2085427154,3963351205,905395261
1434,крит,5(g,1480134938,1305184976,190862383
1435,"сработать повторно, вплоть до",|ch,1549056121,3505682345,1225570047
1437,дополнительных применений.,vs]TX,4168702423,2334949419,3486840932
1439,Повторные применения не учитываются в лимите,__Rd|,442168009,2150634411,3871078712
1440,Огненный шар,|0||;xhQ,2027954945,353725499,2500010267
1442,"Бросает во врага огненный шар, наносящий",0=%,2339079467,2689625362,3764116317
1447,Маг.урона и оглушающий его на,;?>qc1,774014242,2781708272,876571516
1448,с при попадании.,I~'|6S%,238116732,3575691308,1795012395
1449,Гигант из глубины,v/zOm@C|<;y,304196019,134460921,3987488320
1450,Упругая кожа,|<WD,397696547,356333645,3084735980
1451,потерянных,8?V l|/}.,1342500794,3754468652,3642734687
1455,снижает количество стаков,"JL""r=|3@z",928546693,1694084826,3025196126
1457,на герое на,=W^;,3968068595,4156206968,2599076596
1461,Нарастающий прилив,Wdu,1355819140,4117095037,294305249
1462,"Вызывает водяной смерч, охваченный грохотом волн, который поражает врага, нанося",+VJ,2044909279,2946520051,2490803752
1463,потерянное,""";t",1852788197,2169150011,4285246863
1464,Маг. урона и накладывает столько же стаков,qYp,1621683718,1799401612,2262433971
1465,на противника.,7\X;,1754063349,2847186892,2934921430
1466,Ядовитый Гриб,"&.w,%| ?jV",410553687,798581663,2044740835
1470,Активный Токсин,l{9%,1054332429,3893359467,974768037
1471,"Когда на поле находится живой дух, враги получают дополнительный",PLDE,2529658955,2338150435,3649540012
1472,урон от яда,IHM,979781538,852693012,802701439
1474,текущее здоровье,:ns|ijfM,2970571322,2072951421,3546243063
1477,противника,_kx,2149692564,693663347,16177493
1486,Едкий Яд,3s'lr,4143304194,1946763402,4178338367
1487,"Сгущает яд, наносящий урон врагам, снижая их",)z8<;,2049604691,3112644647,3645637359
1493,скорость атаки,||<,1567591129,225460533,3809462584
1496,и накладывающий,#(4,4681918,846883718,3812758770
1500,Древо-защитник,e-;,2208080249,1732093859,1050223820
1501,Колючие шипы,2P{,2191334800,3043617127,2260055215
1503,"урона, фактически заблокированных",x#&,442411069,273347290,2040939564
1505,Щитом,m%G|`Yy+,2159979133,2448850019,3516024793
1506,выпускает энергетический заряд во врага и наносит,"/x""",2928871853,4118565863,145552936
1507,Маг. урона .,$#B|eE3,3654837298,2087875073,2093846094
1510,Охранник природы,"Pm,",1166141860,2973468218,2624496284
1512,Вызывает,By;|Z;X,3849375651,2697496958,396839592
1513,т герою,;Hq,2988391714,2704547447,1548384147
1515,и уменьшает,at*;,3864285114,2064661208,1769952444
1517,Долю урона духа,62!,4222450920,4112609889,4072025337
1518,длительность,J(Q,2134784576,4119972975,3625866700
1519,Лунный Охотник,| R,707578132,3076117266,3631614039
1522,Пир Охотника,U%?|6lr,2299878475,3393429666,2796138879
1525,"После попадания обычной атакой по врагу наносится дополнительный магический урон, равный",<.N|$4kiu,4187230300,1110871173,3379360901
1526,вражеского героя,9gi,870255563,1629301113,2572618892
1529,такое же количество здоровья.,e6U,3735250246,604519947,1626091449
1530,Неистовая Стойка,f;@,1136050189,1747234268,2119529982
1531,"Входит в неистовое состояние, похищая у врага",",{9F",102521604,4024347335,272422283
1534,скорости атаки,g_S4d,2498014967,1699054668,1762310088
1535,и увеличивая эффективность,o:m,4017249434,3773877746,758091133
1539,восстановления,/+MC,3684644459,1532173938,4290605492
1541,здоровья на, ~9|B$O,2250457092,2479718093,2688563678
1542,сек.,SPr,1697855158,1682656768,3826875492
1546,Лесной рейнджер,%>s,1864339026,4214095741,2276058955
1548,Град стрел,3~?,1045239211,1104565660,2741253513
1550,стрел во врага каждые,vpF,419649190,2928274776,1428011677
1552,"с, каждая из которых наносит",gcDGm|G$Nv,3513133263,591211908,3045076042
1554,"Физ.урона. Когда применяется Ультимейт, он сокращает перезарядку града стрел на",)'},650815460,1693405439,2920494678
1555,Скрытая стрела,E`J),3647976557,640206839,2853255753
1556,"Выпускает световую стрелу, наносящую врагу","I""v",4264611979,3466616856,2573294240
1558,Маг. урона. Уклоняется от следующих,giG,85592154,2075937564,1384654703
1559,физических атак.,"L_""F[",2328793815,3430090624,2074069397
1560,Чумной Доктор Скелет,)*w,2436236425,509070218,1593032094
1561,Костная гангрена,<ZS,178319315,565236790,576244114
1564,При наложении эффекта,D@V,4233456999,2936473265,2363384972
1566,если количество слоев больше,_JrS|,2683245710,382624555,2098922657
1568,дополнительно накладывает,vf`,1637783192,940302075,4085029790
1569,слоев эффекта,:T(|mX0),945221946,3040665740,2154404544
1570,Костяной щит: Отдача,"s_!|G""j",3337100579,3000294022,3957155725
1571,Получает,a:\,3837301362,4137968870,2920039152
1573,сл. эффекта,HXw,3473297450,3414334739,2215905521
1575,и переходит в состояние контратаки. Когда,%fIQR ^|siYy,3072602961,3412450937,1577076115
1577,"расходуется, на врага накладывается эффект",UQp}Z6,2910668076,3560531213,2986213716
1578,"в количестве, равном израсходованным слоям",c1B|r5Z>,2640270217,579400981,485800372
1582,но не более,[{<-,3263178946,3155529140,325259436
1583,Кровожадный берсерк,juz,2621769792,766958865,628986467
1584,Разрастание Плоти и Крови,UN(,3486145552,954497254,3500882099
1585,Критические атаки,6~`,3291526457,4274628559,1791626576
1588,крадут у противника,`a4,1197950060,4062384875,3962416571
1590,Ваше Макс.,Ou+,1527702920,190010236,186016015
1595,Сегментация плоти и крови,t\k~,3899939478,4127887528,580721741
1599,"Призывает острые лезвия, чтобы разделать врага и мгновенно нанести",$GaT,2642001670,990001226,3978472073
1603,разницу между,Ra),439399778,627338096,4203252712
1605,максимальным количеством здоровья,T]U_,2955616253,959574140,898690370
1606,сторон,QIl,2509203743,3651964000,1271331330
1608,Яростный маг,A]`O,1810305623,190639453,1053267031
1609,Тактильное воздействие,W)3,656888786,3636340037,4045247496
1611,врага,z8:,1253173304,3259009423,2629127420
1615,падает ниже,dOh[|RCUQ,2601333219,1452900400,2067903570
1620,с увеличивает,e~?,131341998,3349470693,256731093
1623,Ярость,Sv2-Q>#*,2238608591,3025966514,496503975
1625,с. Может быть активирован только один раз за бой.,s1~,738621363,663841044,1464139119
1626,Луч разрушения,o!W,3519612145,486047539,3497564520
1627,"Выпускает луч, заряженный разрушительной энергией, наносящий противнику",Lm2,2587073778,557117502,3526871468
1634,сумма ярости обеих сторон,z/w,2887684741,910236128,3346938925
1636,Пиромант,?[(,3850020367,1784732061,79883216
1637,Раскал,dHFP,3407940869,1904878380,2673727560
1639,нная Энергия,p:S[,1763204664,3379685008,3129787334
1641,Ярости,vo=,2353336477,36567774,3813282933
1643,Огненная Комета,CeF,279004904,140036861,1530166624
1644,Наносит врагам магический урон в размере,N.U$!2,3009302413,2428097006,3554189483
1645,Текущая ярость,2s%,2096285903,2815519027,2850535711
1646,Багровый Клинок Шура,d[E,2438352876,3323205080,4062569090
1650,Ярость Шуры,b?@,3901569695,1423620529,37092070
1651,"В состоянии ярости получает бонус к скорости атаки, равный бонусу к урону.",zJ|,4256451783,2214416472,3491218190
1654,Серия ударов демонического клинка,A9Q44)'!,3772792080,2787049175,610496983
1655,Зачаровывает оружие. Следующие,K.Xhl,38347228,1141800408,3599750279
1657,наносят дополнительно,m[),2153583019,3229985764,1415684749
1658,маг. урона и восстанавливают,zq\],3857336203,3829033011,89821355
1659,при попадании.,"|""B/(",3491359303,26384743,1538955807
1660,Сшитый бегемот,^cz,2522968211,1744323998,1359956291
1661,Изменение плоти,t'U},780110711,1769920130,3430862901
1662,"После того, как",2fR,417667049,2140225702,1755087904
1663,"умрет, превращает",:VYT|l_!,4242251883,1072942167,1477710773
1664,героя в  нового,SpmO,2028866084,40088716,135565038
1665,"Изменение плоти невозможно, если здоровье",v}`V,1532340398,2712927551,2603275224
1667,героя,6>U|o]*B|on63,189707786,2841811864,2518807249
1668,ниже,30-,1655223209,1254459657,2457718239
1669,Призрачный удар,"uW,",3038250962,3066048441,2961176808
1670,"Посылает ударную волну, наносящую противнику",\(X,2478053780,1346349278,995270101
1671,Количество духов,I}i>,927453135,3076854042,3901696231
1676,вызванных в этой битве,ho?c,667888299,1380864870,1516325321
1678,Тихий страж,2-~,385136448,698463244,3233067844
1680,Поднять щиты,r#z,135614299,44527174,1104520080
1683,В состоянии ярости каждый стак,TQn|shq,598930626,3245774342,2192329509
1685,щита,h|^,1418205569,831702254,1636222440
1688,дополнительно поглащает,FO||=-C,1644838583,1656535927,3199784065
1691,единиц урона.,JXDo,2049020978,193527020,3237179625
1692,Псионическое эхо,jd*,3826875985,3093440211,330976027
1696,"С неба падает концентрированная энергия, наносящая",S){,51577215,3044395892,335482420
1697,фактическое поглощение урона щитами,CTd}A\,345272854,1298915034,424341465
1699,накопленным между двух применений ультимейта,\r-,2012105671,3827174867,516279821
1700,единиц магического урона противникам., <7,3477093131,2813286969,1514548939
1701,Капитан Пингвин,?~],4068926933,57707208,1781202377
1703,Холодное Питание,Lc)C,1512051537,2969111614,3423621101
1706,секунд,~|s,3524326743,2775622049,116855676
1710,стаков заморозки,{eI,2586302070,4128640906,1241932005
1712,здоровья.,)i=,2246392386,993015067,1073329312
1715,Морозная Сфера,[rZlD,2205492255,1123798683,4118757936
1716,"Запускает сферу в противника, нанося","eG\]|,no{z",1862644629,4135780507,3787862778
1717,общее восстановленное здоровье во время полета сферы,!}&,1319852918,2506951539,1160670033
1718,магического урона при попадании.,Y&6,3099999689,2290518216,2882795137
1719,Кровопролитный монарх,@Ad!|pRg,694887802,755846469,3800759641
1724,Ядовитые клыки,!l23|tcV,4225836539,2109905314,3063928550
1725,ядовитый урон,""")D",44442657,568376942,2594366639
1726,также может нанести критический урон с фиксированным шансом,=wX,870819981,1814814250,3282785923
1728,Ядовитая оболочка,4`:|HP^,2482296331,764680848,2245449834
1729,"Стоя на токсичном болоте, наносит",EYF|RUd,1309986266,3172405490,992796364
1730,на врага каждые,3IN|co(,1260811782,3866822683,3018343874
1732,"с, ускоряет нанесение",ue@|MKL,2901943478,2405404193,1133747910
1736,ядовитого урона,K+#|+C',562912571,22256924,1975036482
1737,Ледяной дух,&K3,1941796313,119784482,2515487042
1738,Водяной пар,~Q1eA,1848222919,399943078,2555588707
1744,Базовая атака,x=C|tD.,1309220708,35888597,3979171319
1751,"поражает врага, она наносит дополнительные",BU%,2415517513,2653220452,2606044489
1754,Ваша базовая атака,sBV,2980390721,4120332224,3450066023
1755,базовая атака врага,Lw>X,139828552,154741322,1777856451
1756,Мощь стихий,z'6N-,127984351,4266698116,2607307689
1763,которая заканчивается после запуска базовой атаки,riI|UR'=,42589814,1904605004,3984894859
1768,раз.,#[o|FXKP,2260354499,3174317388,760515788
1770,Перцовый Стрелок,FA:C,4124868818,1115191139,2907512305
1771,Взрывная пуля,r%\,3827430795,3054877014,143007050
1773,За каждые накопленные,k[b_^,3755174814,18950255,4119458576
1774,очков,R?sh|D&g,4034483139,2588562311,3121179134
1775,"выпустите пулю, которая нанесет","]5I|""Px",103071197,797007932,2580348385
1778,магического урона. Если одна пуля наносит вражескому герою более,pwg,631974006,771830914,676120397
1779,"урона, выстреливается еще одна пуля.",/}_}U,1880147322,2564956765,2275416679
1780,Зачарованная пуля,KtK)3,1119278662,1116817087,3211898704
1781,"Выпускает пулю и проклинает врага, длительностью",2)v,3705270570,54003914,3584339255
1783,секунд. В течение этого периода накладывает,"71a""",3174840614,416514474,4086756013
1784,секунды.,5O7|ZQos,1775923514,2713431673,3804235641
1788,Лесная Дриада,",IO|>?3bQ",994086900,1001549964,341337189
1789,Дикая Поддержка,Qb*,3312032568,2639598584,2000734575
1790,секунд после начала боя на помощь приходит,~\$,999616274,136413336,4246493399
1792,обладающий запасом здоровья:,]nw,570004493,1185648730,3594791314
1793,Дикий Рост,.*I_,3684321045,4005021212,1310541296
1794,"Призывает силы дикой природы, нанося врагам",~58|WHZS3,1885075321,2131969275,1357043220
1795,количество,e)~h,471694542,171477756,3721274606
1796,ДУХОВ,'@1,447218315,1211790079,877913025
1798,на поле,g_[,2336516017,3799383832,2448639842
1804,единиц магического урона и восстанавливая,?Jqe|]$Lc,4277557420,1376718670,3054388124
1806,очков здоровья тому,^Fu.,3709827113,1944638998,2091136936
1810,ДУХУ,@m+_-,4265469862,1620761742,1136928576
1812,у которого наименьший процент здоровья,9XF|q~},510444573,794546842,1292296424
1813,Матриарх злых духов,:cn,805120367,3698641819,3985911843
1815,Демоническая Сокровищная Бусина,KjF,1461412402,1425709464,2539740147
1818,секунды дополнительно восстанавливает,~uC_P,3892633703,3958100335,1725457333
1819,процент потерянного здоровья,Zbq|fFb,1940646150,3053318071,4222454632
1821,Вытягивание души,7rL,1218997746,1642356555,655841251
1822,"Посылает злых духов на врага, которые наносят ему",wEKA+bvKP,1808957710,180993374,4050179155
1823,максимальное здоровье,b\S,1321347168,513652435,3126253366
1826,единиц магического урона и  крадут,h.mw,1256626992,2666768460,501183410
1827,"равное количеству урона, полученного вражеским героем.",:x1,4154124024,3023955552,1630115983
1833,Охотник на волков,n*sa,53105145,3980651162,1494465176
1837,Мародерство,={0,2528891457,3591398417,3079523448
1838,После каждой победы в бою захватите,'_!e,3894793779,2518436153,3248583085
1839,Количество побед подряд,",|=|G];",3476504646,660639009,2227058840
1841,"золота у противника, но не более",uaC,3675974349,1968090954,2498421581
1842,золота.,ha(!,3350175563,3152414758,3454978031
1847,Бросок сетки,0E9(|x\f,3724143410,1182109242,1548697926
1848,"Бросает сеть, чтобы поймать врага в ловушку, оглушая его на",7vO),4147210603,525858313,2404354663
1849,"невозможно атаковать, увернуться или использовать ультимейт",Pb-h,2867247202,1598040739,2409404617
1853,Племенной дух,-bx,3096794436,1623056491,3358464182
1857,Жажда крови,|`{|O]|,2510849006,3518293189,864170735
1858,"Племенной дух боевого духа наполнен жаждой битвы, увеличивая урон игрока на",f5],3011178022,3475958152,1279923741
1861,Копье жертвоприношения,[_F9%|zto?,799727076,1158791746,1246152180
1863,"Бросает во врага копье света, которое при попадании наносит",_uo,2450512462,3276293825,311908321
1864,урон игрока,eWd|V2$,3416651141,1370142726,79373826
1866,магического урона.,rt(_,149739478,2800159817,275824809
1867,Дворф ветеран,cy|,2587282250,2330222003,1236240385
1873,Выстрел в голову,1m2|r,3606719516,3574784784,2241649383
1876,Каждый,"lP-Ki|,{mu|,W8u",2861085955,2056775951,2941020218
1877,критический удар,Ye{,1199703152,1611283483,1116837162
1883,дополнительно оглушает на протяжении,&}_,3646305486,2217045608,2059762447
1885,секунд после нанесения урона.,F] |R*:{,4261824503,3463273099,355032519
1887,Быстрая Очередь,NaG,396263225,1605488418,2195228074
1892,"Выпускает непрерывные взрывные снаряды, наносящие",XH7|dvZlC,3477298792,2014186256,3979419753
1895,физического урона противнику каждые,M'=g`W,1184605390,261170614,3374863549
1897,"секунд, в течение",cS*,2560637172,2957413167,468571764
1899,Предложено игроком:,"t[J|ZuQ""",2082511753,3078150720,345409458
1900,Воевода,ul8,2752613054,1229684720,3269226895
1902,Молот войны,)d2,2261925428,488567359,1076051026
1905,крит.,!YD,3115151794,2155291840,686224487
1906,наносит доп. урон в размере,]iE,3815962256,1967653486,1835482059
1907,макс.,p|',1392029215,1430533284,774328337
1908,Инферно Раздора,$<k|g'N|]72,2313782333,3703624084,683338271
1911,Высвобождает,H*a,2307015055,448300361,2771074673
1912,"языков пламени во все стороны, поражая врагов. Каждый язык пламени наносит",kXsR,1039696112,3830630591,1648627058
1913,физ. урона.,193,2739589032,446786344,2043996110
1915,Демон-герцог,3D',2286195661,1077562272,3813785711
1918,мное усиление,;d57,704406026,4152268861,701597172
1919,Во время боя,R@-T|M2S|(1,1166121048,1528431660,3584471329
1921,полученного исцеления,FFE^%,3815782540,3035617510,3897974078
1925,на этот бой увеличивает,*4?|Wm*,4068037005,3576927547,2105503344
1926,Пламя Возмездия,[{!T|oXd,1454494186,2730043755,3330213485
1927,"Призывает пламя возмездия на врага, нанося",1%d|7DPq,245504628,1484402717,2668496218
1931,обоих Героев,M0MX|z\;,2817403502,2003949893,4108063450
1932,маг. урона.,uh7W,3358846751,2865439637,667758767
1933,Пророк Леденящего Света,QV[R,2212247174,3334401755,1240007620
1940,Сфера чумного холода,4$-HKY,1975970864,3166901257,1287803028
1944,При наложении,%!U),1916402494,1133330093,1365745639
1945,"на врага, с шансом",gRJ,47402626,735316008,1732763211
1946,накладывается,0)!V%,3985292786,1401641593,3675965833
1947,Леденящий яд,zNj,1616880258,827378784,416878961
1948,Бросает во врага,eT2,215502331,2680853792,1042704407
1953,"особых флаконов, каждый накладывает",o4G:,1818379269,233902108,2518772394
1954,потерянного врагом,XKbbs|sH>,1211335917,3559914593,2788546718
1955,кидает еще,"&K,",2250305710,1484097689,2371500761
1956,флакона.,1UQa,2091033494,2500554317,388554406
1960,Скряга,/t~T#ZX,768850596,66260088,1430468143
1961,Накопление Богатства,c2O,2869190204,1775555907,2222207055
1962,Увеличивает базовый лимит дохода от накоплений на,-g`,1047013206,332434204,642770732
1966,Сила Денег,9m}|hj-,2786190002,132562413,3605113213
1967,"Бросает золотую бомбу, нанося врагу",Tdz,1993069144,3299602379,2920230862
1970,текущее Золото,OF2>,2278275391,1610713599,3676359915
1972,Дракон Повелитель,)|},2075384997,3077985509,875900136
1974,Тело Повелителя,y-',1393040242,1857258848,4147036876
1977,За каждый уникальный навык увеличивает,"/^,Jf",411262778,3103931240,3428768081
1978,Дыхание Тирана,DiD,612750538,1846260729,1104084426
1980,Выстрел драконьего пламени наносит цели магический урон в размере,""";Ki",1470846681,2288674163,2675102722
1981,сумма уровней обоих героев,GZ<,3915289979,3321598990,4008468557
1984,Охотник За Головами,ev2l,589264866,2521732605,2814846780
1985,Золотая Лихорадка,`+o,2167127755,3931902230,2172571491
1989,Каждый раунд за получение,t Qs|C1F,1014482796,3319030791,854295736
1990,базовых навыков вы получаете,tMG,3537495618,3510329908,304848493
1992,Залп Серебряных Пуль,L$mF,1223913620,934025237,4026205471
1994,Выстрелить в врага,"Ng""",17986651,4107601752,1218945891
1995,"серебряными пулями, каждая из которых наносит",(y_@,2702377462,3342615233,2290213582
1996,ед. святого урона,Xo!,2726099931,3696048563,3841439791
2002,за каждые,e_H|mcB,2548346755,642880012,3548575467
2004,"золота, имеющиеся у врага, выпускается дополнительно",Pb&,1251562571,2950515204,2093291748
2005,пули.,wSHWD,913517002,2785799904,3297276076
2006,Ураган Небес,U#c,1615454902,108668637,4096912325
2007,Штормовой Импульс,*xs(,1832159724,2243155315,3680413876
2011,"При нанесении урона,",-zI|q)3,2738038359,2558945297,3216970999
2012,шанс получить,4No,3838407754,2513123733,2431524974
2015,Автор:,ia#,1485848130,3841346606,3992477170
2016,Тысяча лезвий бури,?7|,4263773216,732097950,3632748858
2017,"Призывает бурю вокруг врага, нанося",CXH\P,37427404,2358352809,29114082
2018,магического урона каждые,":/hy|wRI|J9D,",624935414,3380004720,2959855846
2019,сек. в течение,1UY,3773586747,3606667499,1926749900
2021,Гоблин-артиллерист,FdHO|nF]1,21922207,2155155549,2638807288
2022,Особая доставка,Zag,3631547206,3055466334,2934238929
2023,"Каждый раз, когда вы выпускаете снаряд, не являющийся базовой атакой, вы также выпускаете его копию, наносящую",ddKM,1436626925,2355759131,3831143395
2024,урона от оригинала.,pR!v,886037799,4127307057,3805824259
2026,Залп,/~4,672284973,328674516,3337158892
2028,"случайных снарядов, не являющихся базовой атакой, каждый из которых наносит не менее",CO-,2113261655,3598295868,358840314
2029,урона.,H[g],3777798364,3502135867,1945795292
2031,Доступные снаряды в этом матче:,jAp|pnp,220835309,1902973624,443539824
2032,Открывается на,v]w,2552544885,1751521574,3615714435
2035,уровне героя,nWC,2205651139,2105990855,2985100173
2036,снаряд,E;P,2816812526,3548135595,2998469762
2039,Солдат Авангарда,Lh0,309533480,447144191,892948898
2044,Бритвенный Доспех,",Z\kT|xo(",117736594,3880900681,2843804877
2045,Когда ваш,z^mm,3191672659,1300264349,3728705122
2046,"блокирует урон, есть вероятность",?E[|<z:21P,9451799,328753342,125248930
2047,Шанс крита,ShC,671503987,2026479867,240584529
2051,нанести врагу,A4!,1668928898,299738327,4207139821
2059,заблокированный урон,inYM,595593768,2310889717,3408293860
2060,Щит-Бумеранг,]Ih,2557125167,2986316831,2449938968
2061,"Метает щит-бумеранг, который наносит","PHP|@u,2",1750225125,3588323604,824783570
2064,физ. урона и при возврате да,cST,894971229,2938801694,1964723516
2065,Если атака наносит,CW[,1129829990,1357208157,2973918135
2068,Критический удар,0x/,3271859972,1442522896,3191766902
2069,щит бросается снова.,OT]6|+M}e,1227040017,1002907037,126538095
2072,Искоренитель Зла,J<n,345698346,1329246394,3658297843
2073,Руководство Искоренителя,"-#S|@G""",1925623251,2773687076,3641801264
2074,золота за каждое полученное умение,9_D,890190383,2993372609,1107536467
2075,Противодействия,yd#,443200332,3193309738,1680353987
2076,Гнев Правосудия,Bh<,855364598,922951992,3179220066
2080,Призывает с небес,6ML.,2489064650,1795632834,3096905085
2082,"священных клинков, каждый из которых наносит",4;=|J1e,1495490639,4012248086,2199919172
2084,маг. урона. За каждое прокачанное до максимума умение Противодействия призывается,",GM0\",26218013,2683927126,2181733340
2088,клинок.,t+Y%,4204347875,4038094536,3223206349
2090,ЛЕДЯНОЙ ПИТЧЕР,@??,1003693936,194851266,241464227
2091,НАКОПЛЕНИЕ ХОЛОДА,J'0,1212016717,32269874,613676291
2093,По окончании,W r,3270694492,1909565524,1867046297
2094,ЯРОСТИ,B*=,3997672805,88339727,1816912537
2097,оглушите врага на,Ga8,2378927892,571756271,2036648093
2098,секунд. За каждые,+qu,3950857537,2516806583,74491912
2104,ЗАМОРАЖИВАНИЯ,YfH,3990085247,3351664862,1731885995
2106,наложенные на врага во время,]0r,131480645,4203234775,1620803207
2108,длительность этого оглушения увеличивается на,9!Y,765787279,3457342642,1640740703
2111,ГНЕВ ЗИМЫ,V^@1,2814716069,3888919997,4230624153
2112,"Бросьте снежок в врага, нанося",AP|.-,2657938255,3470946033,3833242396
2115,ед. магического урона. Если вы находитесь в состоянии,2Xt,3959851447,1690668955,3400522806
2117,дополнительно наложите,[)S,1835915110,1660466036,410942615
2120,ЗАМОРОЗКИ,=Saj$|rQB,2938603891,1965865444,783686499
2121,Смертельные Шипы,]d]3d,370680844,3471403365,3391041508
2123,Конверсия Крови,2C3,210407855,1404884146,1885304399
2126,За каждые потерянные,o3.6,3106249313,3705051890,3988945210
2128,"очков жизни игрока, увеличивайте максимальный запас","}-,",548336172,2798446835,2044986908
2131,Распростран,{WX,2588154945,583875618,2620615477
2132,нный Кровавый Туман,x98b ,1377004815,1521456238,2918479505
2135,Выброс шипов наносит врагу,qeB,2381637927,3751349636,349023164
2136,потерянные жизни игрока,x$!,635027541,1157704351,1805940251
2137,Маг. урон.,I$2|ICs,3384450792,1277700524,2908576614
2139,ГОБЛИНСКАЯ КАТАПУЛЬТА,"gH1,XX",2479979509,2043660240,2869488806
2140,УСИЛЕНИЕ БРОНИ,(jwq,2522754173,2735023193,2786026240
2141,"Каждый раз, когда вы получаете",_kR|}zF,4200986145,4027084364,3436849133
2146,вы получаете дополнительно,Lde;[,2943621973,3158187548,2102509467
2150,ЩИТА,"RK""",3080886377,3931162049,1671909684
2151,ЗАРЯЖЕННЫЙ ВЫБРОС,h?#,4166370813,320309190,3868896660
2152,Войдите в состояние зарядки длительностью,p$>Q|f>\|qF},1570690274,2485089846,3266615326
2153,"секунды, выпустите два огромных камня, наносящих",)8&[,2883538398,138155024,2241130065
2156,ед. физического урона. За каждые,i$a,1631428150,3987542656,3038779827
2162,"полученные во время состояния зарядки, выпускается один дополнительный камень.",i^ D{tL,3333721967,1238473829,468978701
2163,Страж нежити,|WN,1874112751,1003129230,1233727207
2164,Ледяная родословная,D+7,1694118483,2066335501,467890830
2166,сек. восстанавливает,Hb),3025553494,3506456415,3471801555
2167,Духу,T*]_,3001794327,3325430993,313938616
2168,здоровье в размере,lJ[Xw,2541956551,2014176825,2727390483
2171,стаки Заморозки,2>i.,1976798235,1955971322,1612128584
2176,Лечение Духа не активирует навыки ветки исцеления,vtM,3326045677,1943890787,1272212988
2179,Ледяное господство,99m,517400050,1214772009,4274977914
2180,"Выпускает ледяной шар во врага, нанося",<[/,3190609583,3213769839,2312586644
2181,маг. урона при попадании. Урон увеличивается на,='(M,3891752261,967695630,865447692
2182,за каждый звездный уровень ветки,oX Qx|53),1414483600,3443532747,2248888672
2183,ЗЕЛЬЕ ЛЕЧЕНИЯ, ycq,792445356,2943722305,310612135
2186,жизней игрока.,iWg,1545388287,1333062534,4229551985
2187,КАРТА СКИДОК,$~7T,1842716892,3497269997,1588726018
2190,обновлении,nKf|Dh|,129040188,1826707335,4017999674
2192,магазина навыков есть,Z{-x,2520039981,3545419855,3061682231
2193,шанс вернуть,`Fl,4270694039,1023770213,339737391
2195,ПЕРСТЕНЬ ТОРГОВЦА,brA|T`},1847685926,406871577,3036752248
2199,Первые,+q^*,2073558100,1315151601,728775605
2200,обновления,@R5,3432722478,2699222024,1824859377
2201,в магазине навыков бесплатны. Получение этого сокровища стоит,_:@|6)|,1763264339,1350945646,2735831604
2204,в магазине навыков бесплатны.,"Sr@|12,z",1959293480,3716559400,771882065
2206,УБОРЩИК ПОЛЯ БОЯ,+Wd,3302505846,3464747732,746675340
2207,т дополнительные,"Y ,",3383204965,831016416,1075004326
2208,золота при выборе этого сокровища и в начале каждого раунда.,FZd,2273026242,1704322218,2453340416
2216,ГОБЛИНСКИЙ КОМПОНЕНТ,",iMM",1738696085,766480462,1243942554
2217,Снижает стоимость,i1^j4$,149699487,3157271219,968703053
2218,случайного,N(?,1275702209,2266405302,3082520711
2220,навыка в магазине на, dB|0J#p,588795357,2783960290,2694396883
2221,"золота, но не более чем на",(kB|/5NN,1717656487,4183208179,1785491081
2223,"Технологии гоблинов, бессмысленные и беспощадные!",&Dr@,3436725948,1710402572,1238862862
2224,КНИГА НАСЛЕДИЯ,|_C,2080830196,3883064510,3808528735
2225,"Если изучаемый навык и предыдуший изученный навык относятся к одной ветке, вы получите", %`,282684903,364509887,1220101277
2229,СУНДУК С ЗОЛОТОМ,C5H,727756748,2472806769,3706419144
2230,золота единоразово.,YP!_,3488626477,4137754653,1471026255
2232,КРОВАВЫЙ КАМЕНЬ,-2-,1141865749,231874565,476605863
2233,золота единоразово. Получение этого сокровища забер,p]O#\,3302708857,2327092823,45473675
2234,СКЛАДСКАЯ ПОЛКА,CZA|+T3L,3466825439,569353862,3978016431
2235,В магазине будет,f`X,3601257253,428389188,3844373304
2236,дополнительный навык,"UkI,",3925177126,1990453503,4284684256
2237,автоматически обновляет магазин при получении сокровища,9W|!5,290638202,1596165091,3518026922
2240,НЕСГИБАЕМЫЕ НАПЛЕЧНИКИ,"{Q,|nFYk",2857505423,2850035861,599754098
2242,Вы получаете,;jb,3692619949,4005172224,1019012646
2244,золота после поражения в бою.,_-R,2400038847,2645604764,1813104367
2245,ЛУННОЕ КОЛЬЦО,e.e1|DmQR,3424018711,3280701396,2423652166
2246,"Когда в магазине появляется редкий навык, вы получаете",=V`,3651964687,3039287157,4249264425
2249,"золота, но не более",'_K,2315507420,4144889521,2944033499
2250,СОЛНЕЧНОЕ КОЛЬЦО,Z?[,4081489962,2670536510,860021022
2253,Слегка увеличивает вероятность появления в магазине Мифического навыка. Мифические навыки бесплатны.,@\4o,1127448062,1380077921,290774141
2254,КОПЬ,KA~(,1997348824,1541257858,3126986341
2259,ОХОТНИКА ЗА СОКРОВИЩАМИ,tt!,2072699707,3689417639,1333123779
2260,"Базовый урон, наносимый врагам увеличивается на","\PJ|vg""}",3042899332,812388682,952367224
2261,После победы над врагом вы получаете,Ub-^,701076384,2941475473,2646634357
2263,золота за каждые,seD,4263472657,3130592418,2036886152
2264,КИРКА ИССЛЕДОВАТЕЛЯ,Xasw,4060294227,125622788,2366901402
2267,"золота за каждый новый, ранее не изученный навык.",5Ao+,2500203345,1424241284,143054939
2268,"золота за каждый новый, ранее не изученный навык.Максимальная сумма не превышает",7K2,1201829916,2938744895,622438489
2273,ЗЕЛЬЕ Т,eZu,972633412,2471607787,552126283
2275,МНОЙ СИЛЫ,:LZ}|dO2,2500862957,2938409428,49607712
2279,"Шанс появления редких навыков в магазине навыков значительно увеличен, и при получении редкого навыка вы получаете",I!d,3699836128,2056998568,3773118136
2280,ЗНАК УБЕЖИЩА,~U:9,3751038676,4158781800,1152001560
2281,При поражении защищает игрока от потери жизней. Срабатывает до,PuN|cKq,1944323221,1001053536,4002121739
2285,ТУСКЛЫЙ КАМЕНЬ ЭНЕРГИИ,ccO,1641132354,1407966639,764854418
2287,В начале раунда вы получаете дополнительно,j]nX,4109592928,2098506800,655911762
2289,золота,zK)S4,1910183248,2205758668,3842946686
2290,СЧАСТЛИВАЯ МОНЕТА,@j;NHt|hdn,606422652,520842252,3281758788
2291,Если выбрать указанную ветку как,",>UPx|-0U",3253473079,1938676491,4019321240
2292,счастливую,>H-/|\?>,1591221710,2817172219,3752726467
2293,изучение каждого навыка в ней будет давать,#\Zh,1796538993,803509656,235996608
2294,ЖЕЗЛ БОЖЕСТВЕННОГО ПОКРОВИТЕЛЯ,fu/,4199750158,925903840,1962403393
2295,Когда любая ветка навыков достигает,1:KF8J .,2487201745,4258304796,2096487110
2296,"зд, Мифический навык этой ветки гарантированно появляется в магазине",-op,3850763024,4069038385,768312100
2297,если они еще остались в магазине,l~:|N[:,1053665558,2735667575,4068583998
2298,МАГИЧЕСКИЕ КАРТЫ,fRvk,685989824,2078437254,1541178276
2299,Если последние,/iM_,3808856985,3449500415,2042967047
2305,"полученных навыков принадлежат к одной ветке, вы получаете",7N5,1674027612,1571019639,755956589
2307,случайных навыка из этой ветки.,?gTu,1813730839,2337199281,2111028953
2308,КОРОБКА С СЮРПРИЗОМ,d=_N,4035885719,312050474,1212532478
2309,Вы изучаете,AV<|53],3937526240,2347279193,3026398002
2310,случайных навыков.,LB8,1804469041,42913368,3656991889
2311,БРОНЯ ЗАЩИТНИКА,gG8i,1144265530,1805171744,2818964430
2315,"При поражении и получении урона от врага, снижает получаемый урон на",t7[Y|Fem,3342543920,1688647602,3656510930
2317,При поражении и получении, qN4,2732939163,2309158504,631137034
2319,"и более урона  от врага, снижает получаемый урон на",Cx{Bk,3657272646,4093622681,996866022
2322,ТРИУМФАЛЬНЫЙ МЕЧ,GGe6,3324455391,946206514,1283231025
2323,При победе вы дополнительно получите,_\e,2215947244,534752860,2939099427
2325,АПТЕЧКА,RPuL`,3017894130,3358077350,4164755393
2326,Если в начале раунда у вас менее,Gin,2507574312,66940458,708457589
2329,"жизней игрока, автоматически восстанавливает",f9*,1460716666,2028517044,2079315188
2332,жизни.,|3~L(,1898826948,1851214025,3983629754
2335,УЧЕБНЫЕ ЗАМЕТКИ,@9?I,1168054183,1876026685,3578665307
2336,Редкие навыки дополнительно дают,{iZ,3639657759,1738345412,3902107835
2340,опыта.,13?,2348731070,1284772970,2893036809
2342,СВЯЩЕННАЯ РЕЛИКВИЯ,h4I+,4245564049,679619266,1672506843
2350,бесплатных обновлений,ZyW,3535884840,425728715,2585416427
2354,суммируется,R{ApE,1863569767,2279314068,1027601711
2357,КАРМАННЫЕ ЧАСЫ С ПЕЧАТЬЮ,M_2,1174624181,2605862090,4213716559
2358,Вы можете запретить,m%?,601088,1960809971,1155645000
2359,"ветку, навыки из нее не будут появляться в магазине. Получение сокровища да",+I4,2140545800,3343574850,1597977941
2361,ШЛЯПА ЖАДНОГО ПИРАТА,"U_=t@|,;uT",553502877,2788623825,4265296287
2362,"После окончания каждого матча вы получите дополнительное золото, равное",hvZ&,233047464,1334177982,2676813749
2366,от общего процентного дохода всех остальных игроков,@>/'|lqj,3812683318,116570526,2347269050
2371,с округлением вверх,UY.,1974498878,2372699216,1499945154
2375,ЗОЛОТОЙ КУБОК,oW-,3731373459,2510001007,3772718268
2376,Начальное золото:,kCdd,2079585035,3393087460,3606627858
2378,"Удваивается при победе, теряется при поражении. Активация: забрать вс",;E>,554306744,63290526,348321563
2383,золото на этапе подготовки. Обновляется до,'9y,1003509164,1041110461,3777746299
2384,в новом раунде. Авто-использование при,=Oh,3353207979,869016032,1671697440
2385,КОМПАСС СОКРОВИЩ,$:K,3596090676,2515799690,769987897
2386,"Компасс, указывающий на случайную ветку, в навыке которой спрятано сокровище. Если вы изучите навык с сокровищем, вы получите",\c^,2248363895,856739375,1610625660
2388,случайных навыков этой ветки., N6,3869504018,3162561214,553709003
2390,АЛЫЙ КАПЮШОН,=yg,4167548244,792169647,361568267
2392,Первая победа после поражения да,4K]k,2420355866,1578185497,2289884842
2393,жизни игрока.,cu1|GZl,3174019104,1479842879,775209658
2394,СУНДУК С ДОБЫЧЕЙ,uXg,3896373032,2490691045,3948231373
2396,т дополнительно,"##8|1Bu""b|g"")",1727749864,1169175312,2363394679
2397,урон врага,pq3,1186636731,3886981558,608548493
2398,золота после каждой победы.,d B,1459617864,92266301,4001227135
2399,ДОГОВОР ЗАЙМА,!\'b8,874203627,1907985675,1754529240
2400,"золота сразу, но снижает получаемое золото на",>#=,2347811150,227753291,19730879
2401,следующие,=@K,3918282444,1174184215,3461188401
2406,раунда.,.K|c,3045883584,2713901008,4019316313
2408,КРОВАВОЕ ЧЛЕНСТВО,66S|OQE,2209688568,3197590086,853146973
2411,потерянные жизни следующие,s<(b,3569487619,2684402677,4044224843
2416,обновления магазина бесплатны,=3<,3307429025,2750577740,2188827520
2418,ТОМ МИСТИЦИЗМА,Sti|o2~,4197942062,2985071038,3918003708
2419,"Используйте, чтобы повысить опыт выбранной ветки на",cH0l#,605470506,102746679,961352696
2420,Можно использовать,|6L|zYo,4253371096,48526689,1050338509
2421,ОЖЕРЕЛЬЕ ИЗ КОСТЕЙ,~jN,212119395,832226795,1805369149
2422,"золота в начале раунда. Каждый раз, когда другой игрок умирает, прирост золота увеличивается на",GWCs,1253947019,744540676,1723484254
2423,ПЕРВОБЫТНАЯ РЕЛИКВИЯ,M;q,3240141873,977607804,2237938662
2424,"Используйте, чтобы купить",;/TMI,4088845572,674453785,226847726
2426,жизни за,a~&,2755238392,2506464295,3383994369
2429,золота. Можно использовать до,e.F,2281459837,2200702710,1537595510
2430,ДУШЕВНЫЙ ЭЛЕКСИР,ISV+|vh',728549630,1852992317,2529087116
2431,При получении восстанавливает,--L|z5Q,1656479398,254845688,2240448663
2432,"жизни. Когда другой игрок умирает, восстанавливает еще",O#gL,760053900,3391917160,1507835990
2435,ЗОЛОТОЙ КЛЕВЕР,h6k,2996242090,3554916405,2792238112
2438,В конце раунда да,(N+,4108561378,1351943518,3639571454
2441,т допольнительные,hmY(,827410063,269064825,3832329856
2443,"золота, которые вы имеете. Максимум дает",.##,91027518,505161725,2832722801
2449,СТАТУЯ СПАСИТЕЛЯ,E<FWJ,1936260652,2139195942,2476051848
2450,"жизней, дополнительно да",8.M@| OB{,3056879168,1567106101,1668398914
2456,КЛИНОК ИЗГНАННИКА,9~C,3149922026,2068688334,1364652764
2460,Если вы начинаете бой с менее чем,YSP'K,31359313,3908783785,3263015979
2464,"золота, увеличивает урон,наносимый врагам, на",o(\W,1106271583,4158098789,3618111888
2465,Получение этого сокровища да,Z: ,87205835,3346115048,3168274924
2469,ДУБЛИРУЮЩИЕ ВЕСЫ,l:a,3048271030,3430435574,3974074464
2472,"Используйте, чтобы ещ",<QmR,2192661039,2621671833,3862764954
2473,раз купить последний купленный навык. Можно использовать до,APFM},522741490,960366651,904431492
2474,КОЛЛЕКТОР ЭНЕРГИИ,_^3m,3155769346,297579611,2549153036
2475,В начале раунда увеличивает опыт случайной изученной ветки на,9D^|)K?,3116875033,3439171036,934165168
2476,СУНДУК С ПРИПАСАМИ,i9;p,2362891878,3249450229,4115565036
2477,Каждое улучшение героя восстанавливает,X`U,719037600,4227665218,3746687542
2478,жизнь.,{w@,1629097593,1279159093,2315479366
2479,жизни игрока. Получение этого сокровища уменьшит жизнь игрока на,/=3,2633352459,3671089085,241534712
2481,БОНУСНЫЙ ЖЕТОН,w?5w|8Fv7O,1100464380,3536553413,3675587089
2482,"Если полученный навык совпадает с предыдущим, получите его снова или золото, равное его стоимости. Максимальное количество срабатываний:",0wLe|'0W,2725909440,2758250913,1162574354
2483,ПОДВЕСКА ЖЕРТВОПРИНОШЕНИЙ,Zlf,1169263738,2855665998,3699473095
2484,В начале раунда вы автоматически жертвуете,~zT,4204972439,3693269754,2053257119
2487,"жизнями, чтобы получить","({Dc,",3284820654,598418559,4189459663
2489,СТРАХОВОЙ ПОЛИС,?d/C,2039479624,827800050,2927989343
2490,Каждое улучшение героя дополнительно да,",?H",1479876649,216042476,985081410
2491,ДЕМОНИЧЕСКИЙ ДНЕВНИК,+Fo|H!i,2382462230,4001219081,4008286701
2492,С вероятностью,MOI,3624202896,734174876,4293449364
2493,в каждом раунде вы получаете дополнительный навык выбранной Школы.,bBD,3699751285,2550679900,3611033254
2497,ФИКСИРОВАННЫЙ ВКЛАД,X&b,2012718647,509086645,1931486320
2498,"Если в этом раунде вы не покупали навыки, вы получите",$>*_,3832824993,1878510252,2532395824
2500,золота после боя.,Wlb|WLf,3039204440,3348904912,2108414732
2501,ДРЕВНЯЯ РЕЛИКВИЯ,h}Q,4226150508,2419245962,1982473287
2504,"золота, когда герой достигнет уровня",LajJo.|)C`,975870458,1017237611,1090596978
2505,ГОБЛИНСКАЯ РАКЕТА,"f,)",4262755850,1708013488,2914216110
2506,"После завершения боя, если рейтинг жизни игрока находится в нижней половине, восстанавливает",wVav|Pgc~;K,4148800790,856091388,2029371447
2508,жизней игрока в начале следующего раунда. Получение этого сокровища уменьшает золото на,ix*G,1020273794,2776537080,3191630133
2510,Пора рискнуть!,qki-'|@(H,1746373652,2385602127,2232231801
2513,жизней игрока в начале следующего раунда.,7/D,2392421265,1144430455,1406324494
2514,ИСЦЕЛЯЮЩИЙ КРИСТАЛЛ,~xV,1181892339,3475139766,1279104592
2515,жизнь после,g[#,311311793,3895057589,3694813593
2516,обновлений магазина за раунд.,ogWp,2184561314,3188756628,1158498876
2518,КАМЕНЬ ИСТИНЫ,XQCeO,4213526451,312979278,241698167
2520,Стоимость покупки навыка,K*.|M+kp+$N,1365030411,1500251888,569318397
2525,за раунд снижается на,<\Y,2815088356,4094145523,1381806678
2527,ПРИЛИВНЫЙ ЯКОРЬ,NH[i,1172612813,380798113,3549066707
2532,Каждое улучшение героя да,Y(H@2,1566887458,4267916500,209368360
2533,бесплатных обновления,8Vm,812896300,2490248572,2601329990
2534,АМУЛЕТ В ВИДЕ СЕРДЦА,<\s,3524651906,2447959737,3788535851
2535,"зд, восстанавливает",Qrw,362364826,582974477,3388271750
2536,ШЛЕМ МАРОД,P7J|aYj,3748054531,3529278945,2025416931
2538,разница в уровнях героев,b_~Kp/:,3127425609,3348862837,3575475098
2540,золота после каждой битвы,?3O,361240202,3549397679,1900242982
2542,ЧИСТЕЙШИЙ КРИСТАЛЛ,mMu,837021998,1830272509,706437436
2544,Если у вас выучено навыков не более чем в,EKFT,3296866085,419043526,64115950
2545,"ветках, в начале раунда да",#A3,3251800612,3866510681,1371745643
2546,золота. За каждую дополнительную ветку бонус снижается на,On|v,622136754,3804882598,1731325722
2549,ЗИМНЕЕ БЛАГОСЛОВЕНИЕ,h&>r,688366111,1839278643,76590838
2550,обновлений магазина позволяют приобрести,qnm,3310449530,3941206843,2732537832
2552,навык бесплатно.,D_`|N<(,1056276967,1390372889,1512636807
2553,ГРЯЗНОЕ ЗОЛОТО,G!3V,2725788491,1399617277,1083272680
2554,В начале раунда да,&/I|?2,2837450763,1822725381,3250605096
2555,"золота, но стоимость обновления увеличивается на",?36,2002249533,2461079120,2267986551
2556,ГРААЛЬ ВАМПИРА,;3rZ,241473130,1734473180,447559949
2557,Выберите ветку. В начале раунда вы автоматически жертвуете от,ESS,1150362352,1201690610,1400415787
2559,жизни в обмен на,arw|?j-,4242979085,3515951256,3279198562
2564,случайных навыка в выбранной ветке.,KkN,4032536529,2466389856,4040747671
2567,Выберите ветку. В начале раунда вы автоматически жертвуете,[Y\f?,1829077866,1107015225,1411954845
2571,ЖНЫЙ КОНЬ,np$,2912155098,2315229566,2211826054
2572,Выберите одного игрока. Каждая последующая победа этого игрока принесет вам,z's0[y ,1147870996,1215296095,2590869898
2573,золотых монет.,MpU,2420850281,3624975973,1031746717
2578,КОРОНА РАВЕНСТВА,B!v6',994063504,1114636471,813678622
2579,Базовая стоимость всех навыков,lKM;\H,1071948981,2555371865,2989962108
2580,включая случайные,&Nn,198671038,2844615491,2972665231
2582,становится равна,Aqd,901842763,3657730210,1102723036
