index,id,type,size
0,1459903566,2727259016,1047262425
1,1136825802,1145131199,3678536860
2,1024081177,3667229037,3324366320
3,2620743349,1695136576,3165779664
4,618794750,4164433602,3007592020
5,4237676803,3176941706,2630216848
6,1614082161,857848659,4036991866
7,917140369,4098182552,486759623
8,2456205881,799347139,1090257018
9,2157336476,4250476626,2844816597
10,2918900317,2419866855,1987770023
11,3538591626,1975124466,2375773814
12,3163934086,1670616328,3480610005
13,798465310,1394499774,3803121861
14,2646656193,2116206946,737169519
15,3899544949,3352116964,3092659198
16,2615911044,3735874312,198269662
17,1469027454,2154257545,1893076461
18,759714082,2417002052,2264740324
19,3021336995,2618065469,550403178
20,780849390,1813509012,1823340018
21,1008410603,1122515158,203842527
22,2471903468,1525762877,2564996435
23,387062111,3317828237,939222522
24,2051143148,1642193586,164057397
25,3220877553,2971842703,4268434889
26,4278933887,767119005,3583716071
27,3631451887,2639321029,1532682635
28,3751985467,3691410708,2220434863
29,4170805061,1874233719,1971833167
30,1192677854,3066303120,4123430783
31,575058131,3369740776,3347126071
32,1168540091,548322010,1269748051
33,3097777682,131078778,629378673
34,3198279800,1041795988,1621099175
35,2644558584,230930334,2080171122
36,560817713,3032813588,779372557
37,821733848,950881080,2970147840
38,588654223,1043398865,3297167883
39,2243912795,1891964610,2100911523
40,613484849,2951338636,1901018273
41,1822022932,522777920,137138914
42,254231837,3883811620,568355091
43,564785267,2268709896,4063426059
44,2953957980,2781684667,3792618791
45,2871805703,2847113955,3014164072
46,1867789159,1112080345,478769881
47,1289373430,687831081,3905260213
48,2312088288,3403502039,3759576338
49,406164007,192093933,3524081971
50,465986440,3411691423,1723904793
51,4255672645,3376093268,3019648857
52,2460471228,2486466501,2522906061
53,752668248,2797505245,1370920597
54,4079459107,110195359,3304940694
55,3585745558,1253257003,2864515718
56,3141966327,2379733485,4071907795
57,442244821,976585871,3377130328
58,610942388,1464361356,2143462145
59,3465486303,2554918898,2752334661
60,61227360,2206417556,4038819597
61,4260531693,574015814,669392737
62,298837541,363392290,1386281666
63,2455843120,979602012,3435857514
64,582342172,2313214662,945583399
65,1373467564,3212407092,1944310060
66,3909817185,2810763275,3444695746
67,2320240188,40737363,2047327439
68,3716943425,2110222080,2204762428
69,828894435,3108078951,3072492717
70,621587622,2981638040,2768149738
71,3093001970,3490861300,144651405
72,2910293567,870363008,1542802742
73,2021648012,434869136,3173175272
74,272000647,3154418160,3776856797
75,1081568075,4083729633,2495644472
76,3993592095,3658852662,2119041836
77,501031306,2319241218,1553160212
78,3543526606,2772076502,383049296
79,3442313733,3757678809,2634294913
80,2435982636,3282870891,3152426873
81,1490247148,3725733833,3431532145
82,4165293907,3258678416,2036817689
83,2811006782,3720577487,287635098
84,3911494195,2164851422,4258779975
85,880736784,279974300,1459039414
86,2319645223,3189767057,4086996213
87,3478183817,1369258743,593031345
88,1189525970,1979944428,3641594232
89,2917877998,475814342,3669649304
90,4027039245,2876852839,3009126761
91,3491280612,173989740,1901375661
92,1220128433,3340798134,601463616
93,3469009242,454523796,4137565072
94,4060899399,78752132,1337423039
95,3716801809,730795328,353799166
96,3501779445,1483901296,3360662796
97,1749994244,1264838437,594308011
98,2600137694,3117788915,3248575761
99,4219398126,399349881,504459103
100,2951392515,3049192540,214916259
101,3445749427,547086018,1523862524
102,2494747075,1175659252,2982900998
103,1677814997,3034791214,1335383475
104,634092324,2311475622,391949793
105,1075975123,2015980415,752122036
106,3002850250,2670098706,3770813763
107,744600725,1543921027,3699415454
108,32961304,659936355,868087202
109,2668796220,696287312,1247248666
110,3883228978,3373110791,2162671022
111,2136800308,277698077,3013193816
112,1263020774,2953700304,790678205
113,1334898582,4060077960,3635047716
114,1456253359,1681058383,1615731638
115,1089157850,1455986822,1948004405
116,2385520501,1889133126,1660637280
117,689481053,1942683082,3203341283
118,3850927893,2867169906,3507844771
119,523406153,1362367467,2496291554
120,4247417098,587785058,311960235
121,3522527144,362046082,2168624641
122,4024572101,3609514571,2490375253
123,2579885977,162181370,1374224330
124,3670006601,1618495283,3149563551
125,1232649694,235496214,2007762120
126,417141018,790885797,2653305043
127,2237200284,1076429906,3824014298
128,3084472720,598820405,3585430194
129,2580508027,3102547006,994422824
130,2386993344,27947967,3981770643
131,3210794464,51106016,3382641034
132,1376551298,2459111358,2713287788
133,4209666162,3511470434,1944578847
134,888339882,4110937326,292208865
135,3819118106,2201022157,422575025
136,3268873511,2516755982,419159852
137,2554160694,464070813,129411017
138,3852425198,4007110669,597408731
139,3358376229,3402533520,510692149
140,1561407530,2485527409,2445234172
141,1284826434,3955161021,3375504248
142,192591939,4013145071,2037991322
143,3626232245,865820465,638043700
144,4098200399,3647344057,84429114
145,3352795097,4187163683,4274913295
146,3081037215,2785252398,1970402171
147,1430615571,987051579,2787878309
148,2411912384,3542995715,3690297036
149,3706237446,1486527249,2800517393
150,3778238848,124835145,186829372
151,1141421295,964932884,3746623445
152,388563647,3889934005,124309123
153,615106121,4088891496,3338057272
154,2648667663,3211287079,1741384034
155,3948718222,364664911,1419095289
156,2298976412,642886275,4055911868
157,3965678867,2347332660,3830593243
158,1422047943,105375880,936800580
159,898216685,2392733746,3965553388
160,210577134,3864385118,2388801898
161,391750528,41259927,165371293
162,3476840395,1534500443,3451976121
163,3344542361,170141794,2246695472
164,3556404267,1161323732,537092525
165,1112503420,982641991,1674195525
166,3549593042,451985485,38595645
167,115442270,3488207754,2829676528
168,4094595377,1502494372,803776116
169,3627410926,2006171542,402017544
170,2762978496,2651571746,3692602860
171,1136207494,1055192950,3458004271
172,3266276932,1062594023,471352837
173,3257129149,2254696361,3447243139
174,3621315015,737849761,1270286810
175,3312016470,866854991,4211033511
176,3724145701,2003892664,1886588433
177,2907926212,4207508288,3789878293
178,271374214,3686987344,3968947533
179,1429194305,4090128879,3579244112
180,298757592,3928824503,1340247284
181,1154054058,3668010446,948179151
182,3954525523,781887593,3222161359
183,2499637821,2605930632,1233785604
184,1650166205,1916201938,2830942156
185,2710427818,809467717,1755035546
186,1803010721,907169078,878729767
187,3198973570,1092329531,3580396471
188,1172616863,1145146704,532360114
189,2585600703,2146658236,3830908992
190,2542547526,2380618200,834174763
191,1989743164,2564452603,1481943260
192,260266788,2474616988,1300509277
193,214052938,2209402401,196975690
194,3927861262,1993972531,1016270431
195,1747976368,508618488,3893355896
196,1368409936,2635748641,3148881086
197,6040001,765289891,2664144994
198,2953824108,2943050645,3859692356
199,1471234581,1981873983,1082073211
200,2469397531,4066380727,1248780464
201,2612986229,2903140296,352952527
202,3843476391,274372608,2441919397
203,2216742125,2148676061,2156835618
204,39292009,334221770,1113222356
205,508265690,2336837482,1089265326
206,3561231957,3597009852,2181314942
207,2687300280,879278887,1211398314
208,410369244,185912329,1671460440
209,569028395,2799190442,3767451521
210,3128744182,875083109,1059365801
211,2132668040,660795864,2310911595
212,1599747622,2535887392,4256649986
213,4043623864,2294531535,3289733563
214,2539936511,688364618,2361153339
215,3573787810,538588790,756451745
216,4107696499,3329003798,2682786399
217,1863770798,1605679668,3217421934
218,3938792051,1749634539,2316548857
219,2576433708,2553084094,1803253412
220,1931534720,2837473118,1933632088
221,1481302495,1393474743,68940208
222,504004687,1573350683,1693838471
223,2825042473,916199019,3627090262
224,2730248325,2670436457,1296974154
225,1414245479,3167978488,754620705
226,2991895451,20514167,1490813179
227,437944854,3185507117,3650876858
228,165087239,2786280067,1295670160
229,1104604004,2828876959,2081919273
230,4286403709,3435813183,3762072687
231,714191013,418979198,2308773350
232,1534564151,2242338480,2890118782
233,857803805,2060076029,950794641
234,2819595281,4044273484,2649969078
235,862665949,202903620,4287794666
236,2592486758,1687708791,3028381196
237,3884908595,1381108690,3173707495
238,2686783140,3938754897,2563093125
239,1076244824,2841433990,2941026724
240,3488244638,50456757,1434793134
241,3100462795,3000867588,2644575016
242,547184123,156667014,316482281
243,3491831075,3335779357,1190613096
244,4244156955,35998499,334152559
245,2447225247,3115723880,915461497
246,3191654273,3027352675,739978119
247,3806516158,855498868,4060091435
248,2643166539,4006134697,347271362
249,3166533845,1509361942,1955750192
250,3867859249,2155083962,3378247028
251,3407849478,4140083061,1747801949
252,2450108705,1397524678,229292331
253,3345340022,206516087,2732065976
254,1193858091,2631800085,645319736
255,3410654631,3503176525,3895445308
256,3991743077,3233345536,3889298655
257,1424718123,1691724955,2953044597
258,3033487888,1210347999,1901027306
259,3257883467,2024866223,2378895696
260,4020436824,3123133795,49783083
261,3561154690,1353994551,3661897673
262,203894305,183797452,2914050904
263,3138446319,902052752,295511018
264,2579284141,2359226088,19243009
265,3429229368,2868844878,223129733
266,3138770127,1815974005,409320468
267,1659195723,2197822061,243955721
268,3223997635,2163417423,2914640445
269,1305640106,762880238,2220130318
270,4052702786,2177249682,2433585516
271,3794876563,1190753377,931771234
272,529864472,2828325257,308616796
273,70837818,1236031890,2174250389
274,1650807481,346174901,2953135861
275,398899400,3538460521,996706076
276,2557104206,391927669,1424990997
277,1693826306,2760604216,834031840
278,4107387051,1476178626,270427095
279,962972857,3974697943,3214764683
280,3107495790,3888779499,2804220846
281,2828623385,1684129586,57847803
282,2023088552,904172833,1539528770
283,3547763355,543736716,2358755152
284,1014613675,1845226397,3269069502
285,4048123889,3913296833,315378089
286,3430985345,2874103198,971238039
287,3973583469,3962501843,4015152670
288,2837926933,4066875049,3627588779
289,1582180403,2837784861,2795961130
290,2136618081,1007733144,1280843674
291,3816249247,4167981787,48210313
292,2610406529,2627757236,2253598071
293,2801444232,3932366738,1813662326
294,3635344454,3210654430,3233406261
295,1888515305,4069444071,2921584456
296,513633725,163141140,3236859473
297,3830500326,4272556743,3495597362
298,1124906081,496359371,3291558101
299,1813923861,2274723540,2559154257
300,4003135314,3287465397,2013785869
301,3999476727,759630803,3294692565
302,3788502887,107747629,2401927999
303,3048007680,4123790328,1724790909
304,3998941115,3287195861,1191966720
305,1674938301,708219760,3757958175
306,3819774758,2599648762,4121382357
307,3466432783,859191753,1145614282
308,3899183223,285159924,1069626068
309,3238757941,1313774719,4266403978
310,3234530224,2324835095,4072432222
311,3421135084,88300784,2600818595
312,2280969011,3367461396,3996691751
313,856052264,2836416322,3199375007
314,134030435,1950637496,1330296020
315,3471123116,899490375,2995175764
316,1701645994,2782557701,3219161913
317,40658407,2787251471,3564624286
318,696530056,1309883783,1359315269
319,2192199465,860360021,3445447946
320,3190898312,2383662886,1032575171
321,3341015975,4153883476,316819074
322,962743604,2108590782,4219532371
323,679784682,1908444385,415435457
324,3954714117,1732695738,1021519141
325,162202775,2322425637,2616934049
326,1641536787,4009894544,4226645016
327,2259658696,1621653569,2175488317
328,3584503761,2874137578,2232155963
329,4136637203,696648657,2946844385
330,1522794046,2515475049,908752740
331,304186690,2093202365,4096747725
332,319873706,1089054097,2692498495
333,1008295191,2430847950,3539021717
334,566033096,2238364259,2721928599
335,2191658359,2754929127,2164288635
336,3376307932,3065279625,1548697575
337,903228424,1297147741,2143091123
338,673808155,2426353794,2150446448
339,3380360874,1923632245,2284798040
340,762380625,1592840991,2289353576
341,3318518351,109139422,3520225130
342,586926141,926527639,1630887654
343,4064688982,1900182336,608950848
344,3089107869,2264089224,344686225
345,1857009568,1871061319,3962557430
346,1308547577,2981875233,2920678834
347,3654439541,2805108531,1644423132
348,3109962047,707573638,2630030983
349,3044008985,3636151935,3282104788
350,1598045790,3963843929,1149116224
351,268569126,2480461592,1636990381
352,2365591744,1632817351,1206218963
353,3038498672,4214779738,1571664777
354,3696823762,728278982,1500487408
355,3089988929,3749969201,2887977598
356,2158524116,2640326877,2630068492
357,2819709926,1889459190,2468174174
358,585165485,404781974,2526133185
359,2871062541,912531208,1168948765
360,1967715547,1671398026,863361626
361,2973277159,3496595,532456004
362,3462446066,3835801715,1703524335
363,851186340,2268647394,4064277154
364,3257367597,1486974444,3835528737
365,3855190962,3171507268,4041524704
366,1108126836,1981165387,1535025068
367,1948370655,1859229933,2695704458
368,1935283815,519874352,3185169988
369,1130463104,1091272888,1689628586
370,55345357,130470254,3379614128
371,2420226056,2518637383,2682312873
372,3449283609,1652456396,226988315
373,1972395709,2898070180,788746553
374,2468036430,3175081674,1320638793
375,17176929,3756620808,3014200585
376,4169187927,3968200058,2347581173
377,2995731962,3415599684,3231756198
378,2916923477,4250071223,2754713932
379,3011368918,1772618964,1082880606
380,1939391129,593161426,3756037118
381,2290843768,1251808883,3586729234
382,1614010033,406651939,2485059
383,918426281,856746954,3141495165
384,1236659319,345119979,943270093
385,1947581736,1939439323,3219832957
386,547902078,1077601149,1295649436
387,4187956892,687132329,27194224
388,473106461,1562518086,603774686
389,3948411555,3087285244,4094863120
390,3093980720,3741390931,1600135258
391,3878735917,538809946,472889453
392,351373639,1981072125,1643267590
393,1013993620,3081497000,4010459917
394,2945685149,613650092,3703666578
395,3109031035,3551456416,4117617416
396,1795130780,623060601,1808991246
397,700003236,2596808749,547229003
398,1650814117,774917853,4213500731
399,2196137856,1738143596,2390316153
400,313049086,243656838,2688239174
401,4033161751,2806384995,2863708262
402,164788612,586721471,18780087
403,3825375249,2903785665,3508378881
404,1335256951,3571334226,538964937
405,2885340793,3745684633,2930857633
406,2368552680,363476889,2796457817
407,482880770,3331464769,1595789107
408,4062605454,83417063,88116744
409,4097226573,4063102620,871922118
410,2846206578,246378099,1571374989
411,3076883022,4038200411,1501930058
412,1291200087,4185632219,2514037318
413,1083461852,3429760079,2426152564
414,4185779096,679686805,2416583059
415,702329726,1016891721,1336715506
416,997974922,893653576,2306830587
417,1068640455,301208885,2452178082
418,2236930195,44003112,85956285
419,1445671955,1429519539,2885996644
420,2989982599,2884985810,1711093246
421,3614489761,2032613105,880146016
422,3481247526,2490758787,333073134
423,2006192411,3381847296,327115466
424,2252198883,3957867809,1305829024
425,760179789,871101836,2488412583
426,2236102855,1251031404,938883189
427,205899426,1023483204,2605603342
428,2527214421,353751365,3412954560
429,1367264081,876225550,2705195627
430,1731612892,303297280,2701648544
431,3884702197,1346309215,2789352862
432,2173222602,1787131979,1404153932
433,980485847,583782124,3352677771
434,2112481204,3246779992,1236135752
435,2004551197,1377547359,2060567188
436,1773358712,3834243197,2041795439
437,1432282302,3070077799,3207508476
438,2266890522,1248236180,3011628814
439,1419456522,182206934,3368664984
440,2179723964,1003258427,2050891696
441,2120811126,593314316,3463416602
442,2468319731,2091683595,1697269199
443,4240475855,959772139,2845386641
444,2396146170,3874667482,578307563
445,2107326407,4072446548,1158279916
446,3523887572,2786532451,4170189715
447,919520408,101311592,3876354276
448,4152272698,3765413270,3741332726
449,4213950873,2233996010,2772457848
450,4203769314,3000235541,1754498696
451,3772003398,439262593,2604097696
452,1861013893,1296571735,2964910796
453,1292413180,788048087,1308947773
454,3491578048,1932039098,3667994840
455,3403086143,3667247464,3994367583
456,3830319409,2101481445,3025711518
457,3925097231,2642737106,128441207
458,3723083580,2011776638,3878468058
459,2037932239,231291057,1605604171
460,2664782983,1378453595,479194613
461,200195156,2356557183,783808171
462,3355698854,2283237783,1066895684
463,739779878,2566261285,1325689092
464,3332711874,2820483750,612644787
465,997845226,2522284063,1189344547
466,3871298741,1833901920,1276857868
467,349684118,1679834592,827303822
468,3679452651,1808041074,3806835758
469,2955184592,2062755638,2429125298
470,2230119313,1537835258,3807886139
471,1555351898,3323696879,2783076103
472,2466119479,379641712,4106950074
473,1439217182,3543208872,3048446577
474,2613408795,3867761635,272865088
475,486300388,3619487715,4000033239
476,177933561,2433038443,2407886952
477,2112207587,3592963733,2847013069
478,851388780,4249036041,3474972441
479,1500588972,1704514794,2527533793
480,1198750761,3464277828,2079143291
481,2917450240,1590480174,1051158144
482,285311892,927140860,250761877
483,3263263916,3928582910,3285421366
484,1439077274,410391673,2638820323
485,2932298149,259610528,209827233
486,1556148510,3894720747,1344180524
487,4078069381,3448137276,1355300741
488,3037115022,1926299941,531094867
489,3892983272,815642753,2297593748
490,1684665798,1299841232,2412613687
491,3614127379,2498932813,444986189
492,3388533033,2061446470,229463303
493,3675589385,1189224986,1222170510
494,4217234750,2431410601,1156665654
495,731943613,640688117,436633127
496,3479196152,321130136,2115966783
497,3884432267,2069607053,2876444646
498,1867701455,3496285300,3753530439
499,3067507089,635194330,1522759132
500,2461699348,229712319,665280283
501,643596828,2115163101,1410657465
502,909875640,1756366603,3562074723
503,530515586,396964549,1496611270
504,1755756723,337490141,3097166955
505,2934850364,564545742,696188325
506,3683300714,1667474242,2697510701
507,15717222,3611680343,2651818507
508,3086456004,1869433288,2325428456
509,339768186,2422944461,1762157541
510,1431143266,1466802902,3196122276
511,1920842493,3883357624,4092331358
512,3859789930,4285346564,2727834828
513,1124143482,2511529972,793856815
514,1470323622,2662325019,2482874769
515,1861882620,4017816478,1162933723
516,969114128,3405174955,3956583210
517,2548600587,1422345427,2274087448
518,3268236148,953406308,1217212714
519,2500869331,1588055996,1786177753
520,1421334140,3502742028,3596417756
521,3153803236,1064416694,3207068127
522,4275390389,3785973882,3742122880
523,2538688218,531989309,3963712202
524,2284120505,2224536184,1723205848
525,994659902,17201029,1821508687
526,2650087015,2005740023,2056815273
527,3754555787,3736893740,1643104228
528,902072213,1385916657,3608636952
529,2611342557,3056648677,3705667592
530,3563789441,1261915461,2163833039
531,4157842404,4232054433,1836869443
532,1248737114,264666931,1880179437
533,939507433,596869632,3848337377
534,457563370,951915418,2168601370
535,3958311606,2090869902,1931858745
536,3192942903,3579677929,275689529
537,331346182,2127780630,1746588782
538,740361416,1209914536,2232396004
539,284269259,2813659218,1874112668
540,2873046487,805546311,3051836779
541,2709885148,2002224379,3846009590
542,341971790,4241392112,882207393
543,3808414780,2247635277,1654975330
544,3257344059,1452659736,3139782748
545,3753187068,3506566392,694544881
546,835019077,941196084,1393891388
547,3025858504,2541533911,583216532
548,2183041706,2511069553,4070505846
549,943338655,1421335064,389930330
550,1467269941,3095113589,570024320
551,1852495232,2841380658,1656137616
552,2081058173,4093933286,292427689
553,2703600136,677257956,3066477696
554,22429706,1986805320,4110522262
555,2292709046,1613877049,2756205675
556,2093503332,3200720390,925524170
557,7450773,2751666653,1899987916
558,393126788,427071377,3653935655
559,4255634840,2180519452,2391100566
560,2760797238,3123382056,598276711
561,1840721458,2528592208,4068764768
562,2542103119,907799627,897993096
563,3694673195,3156682415,572821418
564,2340186809,1458601413,2984944963
565,2810845885,2327972884,1499304255
566,1723936127,1369611124,3375186665
567,3908008809,655859219,3811536839
568,3962573561,3389824370,4290398207
569,131381123,232079419,426553440
570,3744265460,265981290,1429955661
571,603350922,2759185397,1929069712
572,1905104627,180388933,3339518143
573,3769972876,3274908732,1751881408
574,592869829,1241635578,4161357991
575,231573704,3012004031,3418101431
576,2775410025,2596242170,1048047630
577,3504884436,3014645625,224640145
578,3506306724,3188909463,1444047970
579,1199789963,801762243,1553047450
580,3687502888,1374483371,2629283824
581,2481768991,3962597909,4257918075
582,441556703,2642225609,607982778
583,1798847165,2379706852,2260177464
584,767164786,1371590853,1061773338
585,3015868850,3072829099,408913582
586,2768455104,2633301036,4165725007
587,2889196673,2965238997,3266260565
588,3172580488,141585804,268412903
589,3290273189,378795679,3177719519
590,490707307,1534244090,2053085634
591,1095891089,3367928702,3539202589
592,1021636071,3369545498,3028537519
593,4001451451,33191256,1271628852
594,2133400042,3061643228,664057253
595,546867148,2017846337,2673071979
596,2168854424,2520324011,4287125441
597,3697995078,495565247,3568320898
598,2637430201,667369020,2679950417
599,2425668627,4079292248,2625713420
600,829823606,920761617,2733888998
601,1855215143,1859389970,4033695626
602,1268126234,252023217,3217837834
603,325686029,1986198897,1037209709
604,1412043349,2679049874,1076818919
605,2371271914,4148922767,3578177801
606,4198016884,2410658618,2867518269
607,2300854179,3364255812,1462898164
608,540529017,1971022148,972826223
609,2886405343,1714634437,4193292394
610,2349172373,1179401657,3249474885
611,741485246,61589191,1342494288
612,2382761085,3141356745,3250757456
613,1372084375,197171977,2119911917
614,77622682,2118270435,2419897346
615,2593258205,3208222217,1716049344
616,514177609,3678417301,1927758172
617,2073179787,4170681396,1108706866
618,736556235,1756669081,2154392618
619,1015722140,1774698839,424478233
620,2785523283,3293590131,759051493
621,284887131,4050179400,4268632122
622,2425049218,4197002333,3825695193
623,4215437997,1053059894,3371242479
624,3532115047,1183299875,2069996847
625,2522355511,42646556,3971193996
626,3121963352,3537323434,3130111746
627,3133187109,1063731912,2862093257
628,653042422,3306229368,251583643
629,1740580998,2631491608,3025314735
630,4016250756,17777083,1612722684
631,1234329190,1435437226,3478836213
632,383671249,432476751,2727494207
633,1355744306,1318169245,635720643
634,3118513044,4007994579,2905827394
635,2636262625,4082584570,847610015
636,1973034613,3268171408,1612770833
637,1785396397,1569778153,2659131393
638,3624240621,3601239463,4200379764
639,1854189901,3724219569,1025061519
640,1596597487,1334258536,2683468935
641,4189495569,900651700,2959537298
642,3082870080,4227648367,3165369101
643,3828408753,4063279337,3218559270
644,2575393617,1055375624,2215831996
645,4280802601,945704443,1859574628
646,3205067440,1336868150,1269746888
647,1481297028,2487747619,364881173
648,3903112362,3518649580,814848733
649,1350171850,1234521194,1080432589
650,1713411961,999911738,1702774912
651,332186536,3681487927,1774461283
652,3008938817,4243857903,3995391520
653,3417861211,3106810136,3707741690
654,2288206707,2323333921,1530562014
655,2168094959,95953397,492691814
656,1905749862,1728054059,4218693023
657,477474856,3105648610,2635697382
658,3696751645,2785316279,1906736794
659,1915225467,243907829,1269009534
660,3190631799,40039068,1511182364
661,309361835,2091149903,3241179065
662,1216147507,2036833148,1528934831
663,2899945736,3955657650,3521266177
664,4281374911,3593016067,4165231823
665,3480176098,682330539,2338675705
666,922602527,2999856772,3733653533
667,1583449415,275788205,1577034635
668,3746183821,3708138933,3788978290
669,84835929,4106588406,2648380240
670,3502999820,1097906892,1020879254
671,2076495358,767588508,3862718727
672,3170594979,863810236,1996530397
673,189809662,56414676,3827496838
674,3359075111,4123884979,3871995539
675,1899588067,923164084,855657626
676,3963603206,1876920058,1579404897
677,3916080777,3276911130,310235999
678,1825751663,1145530182,1787819903
679,3588060870,4214703282,516842578
680,2519868979,778357519,4205413829
681,3992734590,1683405188,3077415604
682,2646923681,2073456026,2513794715
683,3004093120,3899463050,2944866467
684,333271406,1574145742,242075932
685,2430448668,1085490120,1618677421
686,229485792,3116583574,3863223321
687,3329460496,805163648,1754835368
688,1626291482,3100060539,468722131
689,216492459,2418252360,784710328
690,4280274769,3726923077,1211172064
691,181079601,2005587892,1653601495
692,3786203219,3299188143,785953838
693,581217414,2485741828,3387492451
694,1585515761,2324389374,880704370
695,3266590834,3327597639,3542626187
696,3742056146,2291149893,416503268
697,3829366675,1507989441,667789110
698,1627592207,1935086940,2316124386
699,2254995061,443553939,3167416760
700,206010571,1397287966,1100717027
701,712561131,3160204449,1775317393
702,2343718719,1596187605,3711707696
703,3240064994,1157987768,2939304413
704,3017461512,1918871118,598711811
705,2749007962,1301536569,4265803498
706,2191172727,2540906404,3930987839
707,1917641319,448665292,935791935
708,1948617870,3662778057,1779830010
709,1279201418,3941830513,1264410219
710,2079794606,391122717,2192976999
711,3412852279,3329487886,1299573220
712,803957481,714151100,2330609268
713,2113733749,37451560,677834791
714,1880248376,105558027,2982666403
715,2663862404,675339968,2816010973
716,114976388,1809795190,1319212336
717,772364562,2653844117,3953611093
718,2899565658,1252764558,4002795665
719,2810685323,3574471478,3447429295
720,587662416,729810338,2522346428
721,3124491770,3372096384,977883444
722,499370815,513081733,598373273
723,318312605,692720069,3201255084
724,3031114636,259921166,1101501432
725,4059513035,3366426854,1442219734
726,1125988818,1904716521,820257352
727,927901501,397348215,2336297897
728,1503328801,869715409,3928385762
729,322788145,1149512283,2184198362
730,979280432,4148578105,1023103632
731,333376313,252402664,3765599314
732,4108077725,3638500374,365299593
733,2001587003,616908358,1425627231
734,1914231626,2969437439,3935749090
735,3673858328,1168457832,4139145817
736,3873110801,83184603,1379779430
737,4243991315,987712741,3451103428
738,3617272791,3352720866,547234963
739,2251280883,4292500969,948355301
740,2277982594,2313384112,732748561
741,1024492771,3136548197,1021626877
742,4122043048,2381461585,1932729566
743,4130564096,1044089599,2490760543
744,2592284094,1775795919,1553101545
745,2329875600,3261717515,3306792879
746,2556804509,1586937454,1505472247
747,3642182136,2651087921,3842445190
748,3124847925,92887354,69013523
749,2477781129,1412016651,3374882067
750,4092952007,3305228128,4083781836
751,2415916646,723320098,913399004
752,885360440,374187796,2425710914
753,245476791,704387359,475845437
754,4080090853,3518014831,2206849911
755,1187849594,2620572924,896773406
756,355413762,2292889326,2537443374
757,38398551,738634298,3098998657
758,1225138632,4121850040,129603979
759,3075906328,1725244395,1272149019
760,480766410,3669743522,366339020
761,2403855373,2859804234,1773104101
762,1543008446,1426757632,2834736662
763,1232152510,3307734764,3123919466
764,3934523718,1994582631,3310305010
765,1306461148,199039992,1738503874
766,1616930830,2870971835,1709316139
767,2235447030,3799099413,3249885850
768,961788106,2304164522,899368196
769,4200044533,3694513021,1612414113
770,869621361,599617291,90417545
771,2360778307,2794665342,1881230733
772,80763619,4195292986,635882998
773,1469717722,679546851,2198346324
774,878397823,364907975,3438975783
775,1380604622,980824889,3685790470
776,2790140400,2385712023,2627388857
777,2326280233,3257081509,2903008075
778,1396541637,3241606292,630004336
779,3844829590,1179030521,2657436784
780,3533303085,2101205034,3976602478
781,634985303,1960295471,3756788827
782,463527153,232839759,2340824843
783,626886552,3228871102,2961416202
784,1612845349,2743223444,2982775727
785,2485093631,3452441870,3956317921
786,51229231,4021064902,2268614743
787,3088387153,4050824501,776494415
788,3529720311,4134662247,2532053839
789,3114457707,811066556,243751872
790,2822093208,2511290415,3381943525
791,2336752982,3066131621,1798113949
792,1619852043,1131752616,3848714329
793,2315638499,4139235551,205889755
794,3608285759,1715226517,1478416717
795,3813331327,449743712,763226966
796,3393844553,2165580490,104887422
797,1687094668,148216921,4055635791
798,3535370280,2876445127,2665216348
799,236132033,373003573,2080220382
800,3985966890,2923991661,3255967612
801,1283507373,2946119843,3040409725
802,2773682321,1783546989,2304262456
803,4182010234,4054803414,3639661226
804,1023726898,2945946759,305997119
805,832151197,3695948867,3450322143
806,1134229445,3497216355,3248499792
807,2057392894,3751853491,1244525710
808,2487721062,721084281,1371413144
809,4143264876,2884659062,2566723730
810,815696507,155656917,879319613
811,3970331656,1930974768,447229124
812,2244821254,1328084448,1820536106
813,3256061443,1708150762,2216622954
814,1660687566,2424464498,1563692097
815,1113837185,2231411210,2634573616
816,2031201079,3935838365,573901881
817,4067356698,2477868323,2323882780
818,2061503350,1510131021,1203566606
819,825343838,65764681,2574044192
820,588086321,2343440686,2933860652
821,2918614232,958510205,978341154
822,2728066387,1257661796,898853311
823,3125653345,1845775337,1252084026
824,3215444884,385945134,3967757141
825,2667429758,4038716690,3446006319
826,2616508601,2769056236,104712285
827,4212461397,718405721,247903905
828,2123658938,112735407,2362028160
829,23236079,3643897477,1806602445
830,3264718728,1667615015,4289447255
831,2559819909,1723867392,4275951254
832,323463379,1807510152,3907717367
833,3297379937,4108233960,3033100744
834,4196830883,290822331,4155212965
835,1565282980,207355282,3117631559
836,1114741496,2320109786,364794750
837,3323894982,3582525848,557017596
838,3402087954,4087008189,1407818713
839,1387479473,2834039101,4124618051
840,4118802592,3938408398,766041192
841,463646375,1212933917,731705210
842,4108558535,3596341384,2808026611
843,693662136,1548134894,2480217392
844,2609002859,732664279,3206969167
845,2867755021,801707130,3768625680
846,2608972200,3902562693,2604437620
847,2942448994,1073902836,3960646309
848,273152942,1280171930,1019239674
849,3072662366,1159863278,2422158366
850,1394347752,2606977017,654437532
851,46818808,3497436657,1577981159
852,3728541318,1027097235,1672984161
853,1528986770,798830879,369720014
854,1461192684,2325213057,2123967508
855,3029067931,4159627848,2844391568
856,2886860304,3844517085,2892104567
857,743451780,3286480856,3852681237
858,1758378955,1703313584,4177712919
859,3967351721,3326168263,2707767998
860,3872583887,2740375465,1437152474
861,2857935905,1984734681,1323587207
862,3450150694,3431735750,1903829589
863,3112114212,4075050936,1067447227
864,2220428599,296022364,1560849592
865,4274276315,1314939805,2636146285
866,1924558572,3472534611,876257231
867,390267565,1319136133,3670903542
868,607624389,2578055064,458574562
869,3948978902,3341201208,4131151763
870,630996936,3098660410,3507930021
871,2049367855,4158340211,765003971
872,1825552548,616051075,649563254
873,2572614945,3992644628,2175796947
874,3390070598,1134220805,3520780149
875,694209586,3799401118,1488275446
876,1502153425,1890813592,2067965382
877,3931315324,3998904583,990573436
878,1542648143,280166766,2914741547
879,390215620,4292841571,1430977505
880,3709334526,2089305920,4154667380
881,586913274,1523482323,254860928
882,1964347559,4257003265,530545165
883,3970082811,2739897940,3662438209
884,2810028056,3441649967,3469002176
885,3966646409,1202667992,129767300
886,3149895395,1895948811,1678719088
887,2049032938,3389341182,2584436963
888,3522270014,79595439,1311369819
889,1555474501,634387066,1152956197
890,300651049,3434533998,3457948131
891,3511492678,1722380279,1672503002
892,2217542518,2518852326,3394595929
893,2787476863,3973349501,951197121
894,119154207,3079678044,1634760103
895,4050936507,2368257935,3009351757
896,3405738299,4265957946,2980169118
897,1017459179,1567529074,2747365276
898,2798431611,1363376475,2817847013
899,1939525040,2796102945,1580637466
900,2498624703,326636453,642128015
901,2350017995,4174923494,3673561137
902,3915768456,3407890381,1981242738
903,4148966352,3165595222,1914856074
904,2410066981,3588306551,3820495141
905,1104084968,3410218750,2180865829
906,217536708,2946499594,1359087130
907,2359039666,1856860069,244305327
908,3863142071,1800904805,1732221927
909,1943630310,3623593687,203382527
910,3710201417,251993478,2499589729
911,617555803,1557234158,215082474
912,2005645839,860538809,1207751994
913,273820376,3997616798,3097793963
914,4277676724,3260867840,68676069
915,4148169366,2107668022,2352595254
916,3128858376,3792625725,2850450348
917,2235441180,1361644355,83297042
918,2034914226,86629749,1952737479
919,475453041,1192557510,2930477743
920,2355392070,3763468667,762559290
921,1325499419,723093873,220472158
922,3551173588,4285070875,456704835
923,2094564230,2680582904,952750608
924,4065141824,2680760598,154329314
925,1988144547,2157691484,1819368697
926,418804731,1637961501,3732175684
927,1883424218,1553149263,219866896
928,875727469,2395579291,276854122
929,624614978,3550050121,484750187
930,3848874776,321086060,3943936317
931,146151153,663337778,2904079160
932,2148996718,1356309834,815082368
933,162354244,757356533,3428128598
934,2883488169,3817452130,276966403
935,954919692,2999454017,3459258160
936,1019687960,1920206645,530698211
937,1747559068,458936029,201882145
938,3001718283,945476866,2675492729
939,2821524040,32320128,2371960510
940,3146696691,1317308021,3892222522
941,3683878155,1617389613,3788063478
942,2434045823,1766501288,1328787060
943,454617526,4103977895,1905507681
944,2926677261,1357695164,1183979712
945,3408009394,175201003,3321659251
946,3195126692,424197990,636265966
947,1763058908,1390371957,4050862976
948,670710065,1500126263,3404472965
949,2405754875,1905701638,3064498873
950,3187313745,3918227730,1142628963
951,4031063799,1140188158,2555473048
952,1237068570,2018019760,323164358
953,3833605430,2794656970,3188673911
954,2427612943,2131096430,1143331017
955,4079990554,1796684702,3871814227
956,3534815483,2640603499,2532035388
957,462054676,3292082147,46372109
958,3369308396,1061121415,1420496974
959,3644861198,3743300565,1879152690
960,446880502,1753752427,1099421441
961,3707691551,4215002082,3805403778
962,684199312,3841970772,2196349903
963,1446198649,2181596055,3336235853
964,2372114070,3374295630,2253127105
965,2075901631,42702795,662291366
966,3917752124,633997796,4144846334
967,2723572411,2474817137,2467078886
968,4145203485,2132026972,372640561
969,4099903521,1970649481,3961881636
970,3583748209,2935724503,3385545801
971,1339430158,3618813207,2025386803
972,1303683740,681359196,2881209339
973,1886198622,4287681792,4190722251
974,3179026562,179713647,1082486672
975,551952198,2750245840,1516986250
976,2374889301,1386719642,4035401911
977,2702350722,1628271672,2158955168
978,2289471222,3525769381,3444967094
979,3404611436,889869360,814599503
980,2821480718,2983926875,3241373510
981,4100147536,2583427936,3767187129
982,2323509866,3359250357,2161875053
983,3569231723,350675313,2942631736
984,4148025877,1979839395,2986383231
985,1775703667,2257795238,2733666992
986,3556844093,3403232338,2382530681
987,1661436355,3750389713,3393608959
988,331745474,1258481045,3792355372
989,2847752595,4048987665,1691639529
990,4062152085,1805044442,934381447
991,2761808127,1922691599,4246611572
992,3336370917,1208847488,1212354457
993,174950400,83785617,3933901360
994,1622230682,739457407,4262093209
995,178405273,3420181392,1770753280
996,1794550851,2893450072,1468414151
997,3018362156,836190377,3761960239
998,1345245283,886072048,354512103
999,3059555445,1814383111,3398223311
1000,165226582,3737890968,3398127197
1001,1487190838,2156964264,1211837489
1002,921495509,3147519721,3821259417
1003,676077527,3328027062,2538496935
1004,317301743,3954333490,3076671191
1005,733994893,1441773603,980203249
1006,3509533706,559276087,307656773
1007,968423503,2797242277,2183789684
1008,2909135888,4012852003,1865767451
1009,359209547,3242662752,3465628422
1010,1417766513,2304888058,983289931
1011,3772036068,1639124349,2660644803
1012,4086337317,1552235970,3731510268
1013,726616829,1710421845,4136717640
1014,977059800,345810945,2484121730
1015,374200360,1483768237,1621458581
1016,2743975061,905190847,1290925058
1017,3054255574,945002920,12315917
1018,181250643,3090682209,2670406409
1019,156089154,2627380309,3758350764
1020,1031969293,2144710473,2755755043
1021,610968554,371503434,3032206401
1022,782854500,989784597,3258378058
1023,3394770862,2586400290,2259819624
1024,105154697,2632422685,1254651972
1025,1249840650,2872289783,3253452432
1026,2466479499,3256107841,4228731334
1027,3230350502,3272344039,3688843716
1028,2500306852,4167884936,2851336867
1029,1535613611,2331606219,1302146229
1030,428556035,3478473763,2606116055
1031,3396888520,3107660287,2298674579
1032,2919994100,818808494,3199029951
1033,2660469214,369628940,1261096243
1034,3460870567,2196063346,4157071575
1035,232225760,402879227,2497840788
1036,3396179947,3051618688,1318972446
1037,4236150585,919821244,2213493926
1038,3056367540,4081247802,717762808
1039,2067086347,2792704048,556260342
1040,1448430686,1298072335,279972123
1041,2849420783,622651648,3553080847
1042,1768128249,3456719399,3203764000
1043,1531592674,4058468892,2667558490
1044,2022683664,3285185869,3479931176
1045,1842383740,3441006958,754378075
1046,2153563394,2737754237,564023391
1047,335782588,3173855032,2878371197
1048,1536430731,1002200214,2702132560
1049,2765379180,515909715,1628157225
1050,1967338849,3561874156,927455874
1051,3752700376,804703955,779312994
1052,1076632049,3738500495,3716551882
1053,1683628345,2801607069,2634150886
1054,2027527308,1869889122,3050211405
1055,69238731,4074059090,2465421037
1056,249740630,385340470,579455660
1057,3737142753,3152982942,3659484740
1058,774634989,398110367,1449042757
1059,1709390924,1186500704,1667199694
1060,2757101318,3094754907,2907854184
1061,956300983,505348791,1023269438
1062,115621974,210885798,1550685991
1063,816298577,2026723623,2792458604
1064,3388727154,3215033674,3103163339
1065,4031290625,3187812577,3110737569
1066,315779440,396475955,54058078
1067,1643738133,60948339,3373228435
1068,4238534649,2697208717,749103863
1069,967633914,3044465137,395891702
1070,2492069955,1277105151,3450227291
1071,3451489855,1987137087,2621856633
1072,2288373508,1432111709,2306037835
1073,761796076,1954763290,2739254389
1074,3353135082,511991622,1256450086
1075,942432201,3173962613,3660332636
1076,1537705113,2562375318,3272602480
1077,159457517,2862226303,459434382
1078,2046266983,2563328857,2890972550
1079,2918945551,3831755107,267445286
1080,3217119424,2089470900,1554395747
1081,331209852,1686931245,4004515579
1082,3603694344,1275337286,2270292408
1083,3142450127,542360628,3427433139
1084,2924805824,1515119693,1256779646
1085,1254254484,2400221223,3635652159
1086,4050917894,3073765432,579338713
1087,2727462030,1938332840,3585514532
1088,2052285661,4222312311,1034429821
1089,3188554404,3751233969,815368822
1090,3133892083,2936359414,2147107910
1091,3325614524,3470307402,2141079335
1092,3798904451,2970017388,4108314604
1093,3601111771,2408163918,1074449811
1094,2387677778,2274501972,3173788190
1095,3815141962,3474915588,3392270697
1096,3892453208,948629458,1447268144
1097,1046896753,941517833,2333509601
1098,2667900575,370021050,630607025
1099,878202903,4091865433,1813327995
1100,1651636800,1120341121,4206096458
1101,2037393012,1090348568,2608245693
1102,4220131521,2280742834,259747856
1103,3595676642,1134750500,1410556119
1104,1656956223,958693082,1105000809
1105,2870974814,3361838941,2288912872
1106,1768619132,2540382043,1539983550
1107,2649966204,1505278531,1576609813
1108,2612215606,3980091167,2604433243
1109,2384552370,2908851577,4288577041
1110,1549361217,151338282,3377850305
1111,2598992871,633255188,735289322
1112,717413308,1657813127,41621566
1113,949922529,3830590842,2227439457
1114,3870164597,78767572,1987111811
1115,643672208,1503395558,1778284276
1116,3069020707,274509586,3310342121
1117,4229893374,4160195474,1334634294
1118,1420602104,4144034029,3057473150
1119,772635604,3058680485,1407165819
1120,3868434092,1262735278,360563537
1121,3277351145,3700403007,3810966022
1122,1552646633,3091202182,3158003410
1123,226419255,2047889534,1452953642
1124,1907862315,339000292,885758987
1125,9964450,1242090715,4202524454
1126,1411696755,2814170701,2563214737
1127,3110555419,4272257044,4024712948
1128,706719829,718932224,2182436042
1129,551534555,1153950453,1238354213
1130,1234803458,1984278939,1261991854
1131,1707003237,1027944269,2421657417
1132,175997973,1062726518,1959887803
1133,1585384104,2032962555,28947104
1134,766127546,1825531561,4013082604
1135,923112774,2976084375,886427380
1136,1821089429,2358690693,298314266
1137,3893518477,2877234955,3764372172
1138,2987318170,3330726767,312357942
1139,1400377433,2824469015,2299581052
1140,3090025150,3353582569,1785943304
1141,3449505528,717811504,2343237315
1142,3591734431,1985397446,3986929993
1143,4137260298,4186117682,1469748426
1144,2041067933,2715352161,1391324894
1145,2934556152,2491128171,1606455825
1146,633570975,1477067448,1304228681
1147,2865229499,1317835399,4244977060
1148,663542208,3578858914,4239120786
1149,3628187389,1460557199,548552183
1150,1364052676,2260614054,1071430773
1151,4138658392,2563639043,682021045
1152,344419968,2668366479,4124947487
1153,2889366199,658644731,60855237
1154,2159469889,1750224211,3979716056
1155,991414821,1569700807,1984302178
1156,3414877021,2685567274,791504887
1157,3161977182,3145265720,3067190743
1158,1004959364,38521420,1751389157
1159,118464153,1500851107,619975292
1160,3584647738,1050965914,3616891125
1161,3133779871,745980343,1042306656
1162,2461598252,1062295271,3195114321
1163,1196297377,873998353,814388968
1164,4279326504,1753663689,1450839686
1165,2475637111,2115126708,1238607100
1166,1447627879,907745405,3411315912
1167,2320391042,3792735282,3682016165
1168,3567109414,1884319800,3371660832
1169,688624096,3226105591,610392562
1170,2789573611,1753901917,4087915393
1171,506353742,2220109107,2392288778
1172,2254449087,1517364943,1531074628
1173,749466164,2592828901,3437122318
1174,2562489647,3729678110,4041830087
1175,2886083704,4073663194,629569225
1176,2791378058,3200350436,3696522915
1177,380455828,2348965146,3388949735
1178,572876204,3211031540,2183912925
1179,2808898101,2416214888,3223603994
1180,2952607121,3799634863,1005639978
1181,2305364780,3155353509,1973252831
1182,4088405535,4131137632,3053099535
1183,3217917078,3902142739,1346928624
1184,3054821043,2091544983,1790019513
1185,3896729776,2060921181,4266189749
1186,3704953071,1269536243,1948995100
1187,139540076,2294685988,4170418400
1188,1332751786,2055180882,710032475
1189,2576347957,304757895,3103209466
1190,3209488373,409171718,2441730841
1191,3529521168,3168182846,3139758328
1192,3195606510,1159315731,2308735255
1193,97413536,4197576809,3431297738
1194,1708469078,2550632030,2720695039
1195,739587604,3595657361,809739094
1196,567812752,3943878509,16451770
1197,2932436064,776656020,4168311028
1198,1175835487,2524935526,3443665225
1199,488152423,1829624036,1353577645
1200,1928719407,1304947379,4117294936
1201,2382256411,3174917424,197731077
1202,1222339490,903115640,3522428479
1203,2282346836,2099884064,647657422
1204,2753298024,208823411,67719847
1205,1554166623,3576542025,2826800889
1206,3867018105,3971473936,3053065103
1207,4190513944,1138767879,95803388
1208,3579667499,1106183306,2185855111
1209,2703524312,3620231512,2119655248
1210,632774409,2412452859,1492747255
1211,4287060755,204637002,2419068446
1212,1757488157,3981758231,3111207030
1213,4057761975,3060579101,2196740471
1214,18163743,2090366688,3765144670
1215,2609483735,3961189322,989194779
1216,3593343372,457433550,1986214076
1217,3215115704,2696911539,428683765
1218,814918317,3375392366,2000536400
1219,2350352796,2210246726,241007027
1220,858511091,307127732,4178954327
1221,2112597335,1040848245,3875339296
1222,1153456903,1143414558,1794848528
1223,1434564747,2983489373,2897268390
1224,1288656410,3858688100,2111522849
1225,1037988127,3576186543,1023929688
1226,2183856905,32947950,2663150680
1227,2236574701,2914447343,903661050
1228,1134940643,3447572218,325075911
1229,420672309,3265058212,3507142324
1230,347151609,1153072415,320365421
1231,3108568754,3139910510,4277628630
1232,2090585794,3710315696,2194091649
1233,1392728872,330899234,710286520
1234,2242822159,3521445950,4068496694
1235,444776283,1517991673,2548410177
1236,102919894,1743489818,1292991338
1237,3197604319,462554556,706666197
1238,3006430196,332814346,540275702
1239,1489556125,1472214553,623696085
1240,3534526816,1793287512,221151456
1241,3522671226,3073403534,734787713
1242,566244753,1432030650,260095205
1243,206886188,1605474966,1818112379
1244,2857003847,1472530429,181424910
1245,4081894959,62427063,1800755825
1246,3386779865,4291514061,1823141868
1247,1394399954,596377572,1401087562
1248,1664049636,3480012614,3734216202
1249,437667580,2437688790,3440704423
1250,392908762,1505992769,712155527
1251,529973522,1117203000,1145714016
1252,824594708,3715719382,4183679683
1253,1369898346,430154099,1261075904
1254,3483513428,285946823,3378941081
1255,1598591137,3249535654,1310582741
1256,3654390258,3294926401,371936386
1257,3916720115,97948346,1344882637
1258,3490354010,920514967,1354644439
1259,248540264,3169484424,146282065
1260,4100630626,67241822,383043558
1261,4095397655,3117469805,1949012210
1262,3486020515,3397828807,1432135783
1263,2822319462,1171159309,1903469159
1264,1041040520,739161845,3468183142
1265,1645690720,51619761,917708006
1266,3580707151,3110341694,1899952398
1267,1476754241,294708509,55290986
1268,3724318070,2488372864,1364089604
1269,2169749265,821200536,1971832026
1270,1108167290,342847175,939548699
1271,3845068321,622040634,177136896
1272,1635580779,932380715,2159086724
1273,2775224628,2424195135,3233664128
1274,2197787380,2582019109,1994176
1275,2867450066,2248872638,925140814
1276,30188105,222833280,569710384
1277,815606483,423571741,766606996
1278,3452260372,1653000107,3185278983
1279,2197825926,242821141,2820067385
1280,1231861874,231870499,490279480
1281,70881233,4098291466,514258421
1282,3653383623,3789338667,272165800
1283,2012621516,2226294447,928592031
1284,679333411,2163602590,928771949
1285,2698155038,1753957074,1611350783
1286,857940651,1740745487,2320371214
1287,1533017974,3138818658,3406726467
1288,4002260022,4074957017,3980439496
1289,344477173,967246564,3772480203
1290,1735993636,31101263,3991178355
1291,2737027694,2791547730,2518869601
1292,2636500686,2601838454,263375293
1293,2163299251,187745340,157667785
1294,3781655885,2808492220,3716110282
1295,2384135184,3126842391,940171246
1296,3456338435,2165125270,3354077201
1297,1932328421,3713525137,2317019363
1298,4085085353,734383628,2745157634
1299,3963506738,1976734283,1965608236
1300,510600394,2285933654,2196379959
1301,500384553,2110580968,2511334920
1302,1941744577,481644566,3332528716
1303,494106921,1341890084,3531086157
1304,1707950999,2449240422,1724281919
1305,3436196067,3773868086,1731908672
1306,3443323659,1669179069,2652800748
1307,1775542419,855025170,3462519033
1308,468218185,1243375831,1830488274
1309,2542770710,3183915005,2754050862
1310,1081216532,3571881935,3576345778
1311,1688184730,2596919833,2442763283
1312,716212968,219520289,4015264309
1313,4286684387,3141201103,2646809853
1314,4047761843,1315255421,4272796458
1315,2997967387,1100138295,700498723
1316,4123318187,2435049852,4229353134
1317,3668653864,3162405803,1727076098
1318,2758077656,1808003482,910992482
1319,3072829383,1822181434,3490162619
1320,1459549061,4147164149,2676927067
1321,2435978673,2554691455,4241108439
1322,1333545999,2513268121,3806492179
1323,934458405,341603297,4211597417
1324,1502760359,3967464434,896070994
1325,291004940,1336225107,3220614533
1326,722082223,2800880052,1078278997
1327,3233913028,699758267,274990168
1328,2021789412,2929244812,2642385353
1329,143536069,2874061263,2792577242
1330,1899101182,4121521504,1507500254
1331,909568120,279155187,238187061
1332,1453513095,3341957959,2564015187
1333,667621634,3118392763,467588235
1334,520289574,152575487,2368646627
1335,304683339,4073509685,2993060992
1336,3058346487,1851910353,1618672406
1337,658298393,143810584,2584682426
1338,1688166183,2667864784,2774710157
1339,3995195225,2439259398,1386591660
1340,3174184842,142591675,2838648437
1341,842468268,1181287494,2648748987
1342,2201749006,3700235195,578622665
1343,2317385436,2157822905,467434648
1344,2869558634,4207756748,4094511110
1345,405046612,3992221060,457348769
1346,2432250810,4237225231,2246437342
1347,599496954,2997990281,2734084272
1348,2438144060,393461853,2670690050
1349,3519097786,3462687036,1534595903
1350,1778107359,1851421583,1992403548
1351,44194680,2483345026,4122267011
1352,1137524105,3655911059,1543081172
1353,1511998763,2428758313,2169185070
1354,1594479174,526049352,3087546574
1355,786108219,3736271616,4121228414
1356,2017189406,1259772598,607761450
1357,2367807320,412609208,405027854
1358,1514009262,3269321732,722858063
1359,264465216,2679829376,2448760557
1360,4062758917,399938146,2057335108
1361,2998739830,2959591038,3033205963
1362,300277074,3653873905,461328818
1363,3974609830,2375100252,1731423436
1364,934703070,3767600907,1600702334
1365,3955419903,817829969,3049467136
1366,2908953056,3211853861,2012249578
1367,3623923017,3385343784,2525414466
1368,1519758414,391056071,2376098551
1369,2600088429,2723958800,279486632
1370,4059039115,1332022388,3268078992
1371,3680687172,1893806636,970888448
1372,1155839511,1377645835,3439006265
1373,2156608929,993885556,49441074
1374,4019091703,1443912198,836011166
1375,3297656955,3978528776,4269160363
1376,2925160706,1314120237,1283763394
1377,4087717866,2106754345,1391978222
1378,2610388310,1930440037,3653257688
1379,109400050,1444013857,234984955
1380,1213504500,2308944168,918631122
1381,1004932368,2484303289,2599300980
1382,2539151024,1062080351,3895445397
1383,4085649033,3926130614,1422407100
1384,3591204140,571889337,1993937253
1385,704216777,35898497,2478004798
1386,363744791,2256634725,3358144802
1387,3863333962,3752716234,3959719914
1388,2972950368,101818523,1305899764
1389,3036132097,3566764972,1797185573
1390,4294372884,350281789,3922985611
1391,309654670,2835036158,1675829659
1392,812820698,1383676762,3420099896
1393,816902047,714450092,1735145752
1394,3301333355,4149588776,1357005545
1395,3189609904,47287409,1209141271
1396,1095352419,918596787,2827497255
1397,3177195856,773855909,1801860520
1398,4278784234,3544735719,2823689061
1399,1145776892,1289305595,3404823752
1400,2747005603,2446687681,2154794907
1401,4125711025,2474140709,2730621980
1402,2813005593,3457110490,1619209178
1403,1402277664,3107716046,1279006680
1404,1486775293,1601320220,1874157580
1405,1360784498,3649760856,4251078262
1406,2605603268,2699998634,2055575716
1407,1313756690,1680190790,2736519695
1408,2712179920,3719524382,1199344430
1409,1047666038,2801989314,3610200173
1410,3449571258,3963749392,1433733736
1411,142587368,1090600998,1889423194
1412,4148581033,2130577542,2243307320
1413,127945634,3022462841,1553273532
1414,2816389782,1112090923,3788150945
1415,1584712448,2018404877,1927185927
1416,2973580514,4290671545,1243381763
1417,2344488436,1828273827,3350538731
1418,1391072327,741930231,3831104086
1419,1009985363,2166747187,695360584
1420,3799232371,1069490154,3469487986
1421,843688124,3699939239,1832053846
1422,460891579,110226426,2104625481
1423,1455885216,1529078961,1385467482
1424,1894210452,940388555,2224656635
1425,1648802761,4125968367,1243706568
1426,2139292249,3202580790,4142575525
1427,2998007191,2358886440,16148417
1428,817531080,2516342394,2534836528
1429,1297628179,3489061066,2023040682
1430,1497937489,1826966675,3163400824
1431,2214530572,1139785668,738234541
1432,1850061776,3283003140,4215839266
1433,2085427154,3963351205,905395261
1434,1480134938,1305184976,190862383
1435,1549056121,3505682345,1225570047
1436,3398394739,3214283501,1570848981
1437,4168702423,2334949419,3486840932
1438,3581610612,2471288364,3019083774
1439,442168009,2150634411,3871078712
1440,2027954945,353725499,2500010267
1441,437164950,627551161,3368748127
1442,2339079467,2689625362,3764116317
1443,3225889140,763852002,1446470798
1444,2067219288,1445749139,3004685912
1445,1473545412,1431258173,4285776732
1446,827134879,2700058036,162103268
1447,774014242,2781708272,876571516
1448,238116732,3575691308,1795012395
1449,304196019,134460921,3987488320
1450,397696547,356333645,3084735980
1451,1342500794,3754468652,3642734687
1452,1386816360,1744032873,1474507542
1453,373479599,2700360858,220842420
1454,1434002535,405131608,955996737
1455,928546693,1694084826,3025196126
1456,2583774900,3828650701,3456680736
1457,3968068595,4156206968,2599076596
1458,2098323310,2688429467,180865007
1459,2895603214,3298978178,2612103466
1460,3145523133,4281614737,1074697237
1461,1355819140,4117095037,294305249
1462,2044909279,2946520051,2490803752
1463,1852788197,2169150011,4285246863
1464,1621683718,1799401612,2262433971
1465,1754063349,2847186892,2934921430
1466,410553687,798581663,2044740835
1467,904073259,2974294822,1320161112
1468,601673453,144464256,2091562397
1469,457392450,448137761,1985363681
1470,1054332429,3893359467,974768037
1471,2529658955,2338150435,3649540012
1472,979781538,852693012,802701439
1473,2759097301,864681542,1196002158
1474,2970571322,2072951421,3546243063
1475,3803387510,76571285,3689338592
1476,438041915,245869989,3050926954
1477,2149692564,693663347,16177493
1478,1660329204,1565765771,4214740148
1479,4000235494,3289746132,2516673989
1480,852536512,3453505523,2549167643
1481,2007870034,3636746875,2434952423
1482,1411595400,1563418239,2393890706
1483,2320754304,2568631391,1676516893
1484,644620569,1532922024,1107519500
1485,1042750308,1949623132,1908450410
1486,4143304194,1946763402,4178338367
1487,2049604691,3112644647,3645637359
1488,430326266,2790413952,2729285860
1489,2989081,405303238,3341325138
1490,1380981177,2246870092,4074715730
1491,2689961990,1264967521,868775837
1492,1855089896,245667887,1421384837
1493,1567591129,225460533,3809462584
1494,3114409412,3247302717,3865371558
1495,206467145,3894260601,1861035083
1496,4681918,846883718,3812758770
1497,3054724360,2232656232,4101829790
1498,1532654457,3623607264,1467687159
1499,1553408362,999495562,3257767101
1500,2208080249,1732093859,1050223820
1501,2191334800,3043617127,2260055215
1502,1553472134,2306068884,1233685405
1503,442411069,273347290,2040939564
1504,2322269538,3928816562,251080497
1505,2159979133,2448850019,3516024793
1506,2928871853,4118565863,145552936
1507,3654837298,2087875073,2093846094
1508,2624572547,207032152,793306357
1509,1821628772,2985423196,4024846365
1510,1166141860,2973468218,2624496284
1511,697975260,2419724928,2628264510
1512,3849375651,2697496958,396839592
1513,2988391714,2704547447,1548384147
1514,791418254,3760141620,2378871587
1515,3864285114,2064661208,1769952444
1516,740016223,793501783,100580699
1517,4222450920,4112609889,4072025337
1518,2134784576,4119972975,3625866700
1519,707578132,3076117266,3631614039
1520,1000120200,3682141969,1344568853
1521,2254624749,545722806,3637689218
1522,2299878475,3393429666,2796138879
1523,340237140,1878778535,382509148
1524,2304706560,1901185666,1797684877
1525,4187230300,1110871173,3379360901
1526,870255563,1629301113,2572618892
1527,1639758767,2656009386,601125754
1528,1745753687,806445440,3403500833
1529,3735250246,604519947,1626091449
1530,1136050189,1747234268,2119529982
1531,102521604,4024347335,272422283
1532,2819641853,1744853418,995932063
1533,2610748381,1645632513,408700861
1534,2498014967,1699054668,1762310088
1535,4017249434,3773877746,758091133
1536,2591472702,4040189810,3472358244
1537,618742617,773558074,4093816316
1538,1272997499,2043980982,2014960461
1539,3684644459,1532173938,4290605492
1540,370135626,606909667,3832039406
1541,2250457092,2479718093,2688563678
1542,1697855158,1682656768,3826875492
1543,3041698682,1090684527,2014166212
1544,3084333395,3595548705,3848565809
1545,2006558498,4191769708,1849806943
1546,1864339026,4214095741,2276058955
1547,4261702074,3273803533,2900966693
1548,1045239211,1104565660,2741253513
1549,2408450804,3132517957,334664426
1550,419649190,2928274776,1428011677
1551,2574731705,3986307520,1543951217
1552,3513133263,591211908,3045076042
1553,2271122791,3856766668,292897068
1554,650815460,1693405439,2920494678
1555,3647976557,640206839,2853255753
1556,4264611979,3466616856,2573294240
1557,4280848243,351956395,2467997225
1558,85592154,2075937564,1384654703
1559,2328793815,3430090624,2074069397
1560,2436236425,509070218,1593032094
1561,178319315,565236790,576244114
1562,3972356850,3853466327,162687443
1563,203606680,1065590534,2605527193
1564,4233456999,2936473265,2363384972
1565,598627488,50568146,1828751051
1566,2683245710,382624555,2098922657
1567,3313868394,3811167561,3597666971
1568,1637783192,940302075,4085029790
1569,945221946,3040665740,2154404544
1570,3337100579,3000294022,3957155725
1571,3837301362,4137968870,2920039152
1572,2637020906,492438052,1154171340
1573,3473297450,3414334739,2215905521
1574,2645547364,1933774504,857509863
1575,3072602961,3412450937,1577076115
1576,3588884753,2654415181,1698243381
1577,2910668076,3560531213,2986213716
1578,2640270217,579400981,485800372
1579,3404126226,473017,2346252536
1580,3894389104,792693449,503587759
1581,1271216347,3331845075,4101468867
1582,3263178946,3155529140,325259436
1583,2621769792,766958865,628986467
1584,3486145552,954497254,3500882099
1585,3291526457,4274628559,1791626576
1586,55883202,2275070798,563891222
1587,1798712605,3286580703,3293527411
1588,1197950060,4062384875,3962416571
1589,3390585657,1073193077,731873826
1590,1527702920,190010236,186016015
1591,1550300816,986152203,4244289875
1592,223408358,1580431526,1353646434
1593,2110729371,398366604,2026580149
1594,2131321073,826041528,1147616354
1595,3899939478,4127887528,580721741
1596,530860183,2419310472,2718055502
1597,3411400142,4268906600,1468821129
1598,431070291,2319332269,2871317740
1599,2642001670,990001226,3978472073
1600,4078757710,1257566571,868677621
1601,1033657838,3027581982,3288204776
1602,882280022,2232968216,2909958003
1603,439399778,627338096,4203252712
1604,394686964,2487896333,2681190380
1605,2955616253,959574140,898690370
1606,2509203743,3651964000,1271331330
1607,3140498749,1930697701,3267712797
1608,1810305623,190639453,1053267031
1609,656888786,3636340037,4045247496
1610,3319085825,1951398418,1416795854
1611,1253173304,3259009423,2629127420
1612,762455521,2606907297,2030830218
1613,1670460952,578133763,3522483259
1614,884860657,2106072002,3017144421
1615,2601333219,1452900400,2067903570
1616,3091079538,105466512,1342266886
1617,362202941,1475312159,409529663
1618,47356490,3952948391,1771664435
1619,1479309909,2726191469,1959515889
1620,131341998,3349470693,256731093
1621,192403749,1065751881,1726124394
1622,327010576,4103020821,2604933493
1623,2238608591,3025966514,496503975
1624,1061931901,1326917246,3437567147
1625,738621363,663841044,1464139119
1626,3519612145,486047539,3497564520
1627,2587073778,557117502,3526871468
1628,1827099376,335741419,3689200082
1629,1599498440,3207886473,793478801
1630,1785914425,3459868860,3113979875
1631,2413737348,3082322257,2976184953
1632,2775156714,1175643819,1220997429
1633,2515331191,1375236611,878322090
1634,2887684741,910236128,3346938925
1635,3578946140,853704626,2086418130
1636,3850020367,1784732061,79883216
1637,3407940869,1904878380,2673727560
1638,4246227816,348331789,4076227136
1639,1763204664,3379685008,3129787334
1640,3240951078,2725062508,856972984
1641,2353336477,36567774,3813282933
1642,1167176250,207214143,3334450370
1643,279004904,140036861,1530166624
1644,3009302413,2428097006,3554189483
1645,2096285903,2815519027,2850535711
1646,2438352876,3323205080,4062569090
1647,2535156059,387800398,1903502346
1648,4061306584,1983673116,1189857901
1649,2382666541,4162473059,3184987984
1650,3901569695,1423620529,37092070
1651,4256451783,2214416472,3491218190
1652,116853352,2516099193,2361687001
1653,2148365371,903422129,326142727
1654,3772792080,2787049175,610496983
1655,38347228,1141800408,3599750279
1656,1848826037,2232843252,588490467
1657,2153583019,3229985764,1415684749
1658,3857336203,3829033011,89821355
1659,3491359303,26384743,1538955807
1660,2522968211,1744323998,1359956291
1661,780110711,1769920130,3430862901
1662,417667049,2140225702,1755087904
1663,4242251883,1072942167,1477710773
1664,2028866084,40088716,135565038
1665,1532340398,2712927551,2603275224
1666,3585833671,2665262824,1020073143
1667,189707786,2841811864,2518807249
1668,1655223209,1254459657,2457718239
1669,3038250962,3066048441,2961176808
1670,2478053780,1346349278,995270101
1671,927453135,3076854042,3901696231
1672,246845735,4175635882,3245450808
1673,2405237158,1131306088,2493899761
1674,2387810551,2145580218,2082486347
1675,977554259,1021397184,558260347
1676,667888299,1380864870,1516325321
1677,677228100,3076916754,430675820
1678,385136448,698463244,3233067844
1679,787064020,3724539014,2674913565
1680,135614299,44527174,1104520080
1681,1216085779,153953412,153510856
1682,2878901905,1762988847,269566235
1683,598930626,3245774342,2192329509
1684,3318942002,2394587339,2942687135
1685,1418205569,831702254,1636222440
1686,2046607084,4141392118,1561442737
1687,1879591354,4102518728,1633584706
1688,1644838583,1656535927,3199784065
1689,380149681,380635936,75638185
1690,3314946574,4022950989,4113995790
1691,2049020978,193527020,3237179625
1692,3826875985,3093440211,330976027
1693,2649977910,771655296,43817937
1694,4099904906,1271896021,3172360165
1695,1785924643,3347269967,3155907526
1696,51577215,3044395892,335482420
1697,345272854,1298915034,424341465
1698,3473595319,723018506,3342346011
1699,2012105671,3827174867,516279821
1700,3477093131,2813286969,1514548939
1701,4068926933,57707208,1781202377
1702,3433233542,4278054882,3865271101
1703,1512051537,2969111614,3423621101
1704,1168398236,132880545,4089976695
1705,2972124466,3622320088,4235278004
1706,3524326743,2775622049,116855676
1707,2665766892,1191816948,1098049301
1708,1183509144,2072465804,3185033204
1709,2161326529,4037450254,2865836105
1710,2586302070,4128640906,1241932005
1711,1263805285,1352209616,56991131
1712,2246392386,993015067,1073329312
1713,3841581593,769242593,1901366251
1714,3426838925,614339191,3329777644
1715,2205492255,1123798683,4118757936
1716,1862644629,4135780507,3787862778
1717,1319852918,2506951539,1160670033
1718,3099999689,2290518216,2882795137
1719,694887802,755846469,3800759641
1720,3495148918,2171585409,2335802827
1721,3892107760,766463366,1283132790
1722,2066349069,4268772692,135692087
1723,1138171589,1798150796,2601290029
1724,4225836539,2109905314,3063928550
1725,44442657,568376942,2594366639
1726,870819981,1814814250,3282785923
1727,3109678359,1378093622,818357747
1728,2482296331,764680848,2245449834
1729,1309986266,3172405490,992796364
1730,1260811782,3866822683,3018343874
1731,1388591014,2386963184,3963327390
1732,2901943478,2405404193,1133747910
1733,3296038894,3142385559,3155931475
1734,226387449,74363101,2228716298
1735,453327483,3627192765,2426322079
1736,562912571,22256924,1975036482
1737,1941796313,119784482,2515487042
1738,1848222919,399943078,2555588707
1739,4293956739,811656293,540355406
1740,38584544,336244107,3019691851
1741,1407599763,29396130,4036473869
1742,3177682055,380070916,1522006334
1743,1797538472,2474855620,3616307940
1744,1309220708,35888597,3979171319
1745,3388170326,3311419126,51281369
1746,2722141628,4127902243,547508581
1747,2769751723,2554919978,229683702
1748,2029194354,1487854839,4024430930
1749,4199757820,952257606,2736184523
1750,1803336641,1126324865,2472893833
1751,2415517513,2653220452,2606044489
1752,3687621827,2358389453,1131976403
1753,2179344437,4273708767,2061962272
1754,2980390721,4120332224,3450066023
1755,139828552,154741322,1777856451
1756,127984351,4266698116,2607307689
1757,2050925517,2770270707,2291325766
1758,1673206042,1238722455,1432940776
1759,3105584853,2022547825,3012152501
1760,3576847039,830021203,2654331798
1761,901247506,4032336583,396285073
1762,733691936,3070925455,3312706729
1763,42589814,1904605004,3984894859
1764,449870525,3267750770,511378840
1765,4091749521,877002613,2630548353
1766,3401959938,860766530,866380806
1767,2423013530,3863042621,1093886368
1768,2260354499,3174317388,760515788
1769,227524542,539932185,1600480414
1770,4124868818,1115191139,2907512305
1771,3827430795,3054877014,143007050
1772,729823146,2613217370,3077161372
1773,3755174814,18950255,4119458576
1774,4034483139,2588562311,3121179134
1775,103071197,797007932,2580348385
1776,49325361,2671971916,3603119989
1777,1008131368,112727970,2589725888
1778,631974006,771830914,676120397
1779,1880147322,2564956765,2275416679
1780,1119278662,1116817087,3211898704
1781,3705270570,54003914,3584339255
1782,1471528708,2921801787,546217110
1783,3174840614,416514474,4086756013
1784,1775923514,2713431673,3804235641
1785,982145090,772725565,2112594941
1786,346999919,1523786050,395083530
1787,3899037320,1079421283,3783545420
1788,994086900,1001549964,341337189
1789,3312032568,2639598584,2000734575
1790,999616274,136413336,4246493399
1791,3101731187,1764632776,1747664812
1792,570004493,1185648730,3594791314
1793,3684321045,4005021212,1310541296
1794,1885075321,2131969275,1357043220
1795,471694542,171477756,3721274606
1796,447218315,1211790079,877913025
1797,2116260218,2284985684,3730432095
1798,2336516017,3799383832,2448639842
1799,1814381588,3290823283,2605979672
1800,1537414574,4106317052,96988596
1801,2404200740,3187858520,3526570252
1802,3046384427,200980196,3018207516
1803,252027625,3377115944,2694947504
1804,4277557420,1376718670,3054388124
1805,2157844033,3484559222,1634731874
1806,3709827113,1944638998,2091136936
1807,2668684212,939545008,2612871596
1808,3580983017,1835439913,832511587
1809,4049380110,3886580194,2631100252
1810,4265469862,1620761742,1136928576
1811,4040007619,1997739081,953771036
1812,510444573,794546842,1292296424
1813,805120367,3698641819,3985911843
1814,3542780376,3781007108,3833398416
1815,1461412402,1425709464,2539740147
1816,3030072652,3496355200,3656329026
1817,3391613184,2554582203,1741395365
1818,3892633703,3958100335,1725457333
1819,1940646150,3053318071,4222454632
1820,2079586649,549065596,3530760450
1821,1218997746,1642356555,655841251
1822,1808957710,180993374,4050179155
1823,1321347168,513652435,3126253366
1824,1794124358,4174778851,3120035021
1825,2752612105,3128273099,110339537
1826,1256626992,2666768460,501183410
1827,4154124024,3023955552,1630115983
1828,117779112,1720635285,3707612453
1829,2252241612,2459986945,2010685983
1830,1854667382,1144837823,499501058
1831,2041557381,460847697,2179724399
1832,594014971,2676409804,42761845
1833,53105145,3980651162,1494465176
1834,202524553,1260806927,1374998752
1835,732129325,1244376321,2292275667
1836,478733128,821512733,211623641
1837,2528891457,3591398417,3079523448
1838,3894793779,2518436153,3248583085
1839,3476504646,660639009,2227058840
1840,732397382,2096367611,4272894348
1841,3675974349,1968090954,2498421581
1842,3350175563,3152414758,3454978031
1843,2966689624,1372253866,621804499
1844,904044228,1380663685,1343304723
1845,1491322490,745017841,2886512726
1846,3122140165,2537679770,2773717285
1847,3724143410,1182109242,1548697926
1848,4147210603,525858313,2404354663
1849,2867247202,1598040739,2409404617
1850,700459528,985387138,1461216654
1851,663907087,2247291492,3736219614
1852,3624341912,2972820394,316839818
1853,3096794436,1623056491,3358464182
1854,936160597,2953280374,3260874269
1855,1076466943,3245684065,1313104346
1856,2266511710,2313763722,3433838306
1857,2510849006,3518293189,864170735
1858,3011178022,3475958152,1279923741
1859,2857774895,1398674524,4261257251
1860,39157097,1933903269,3810368858
1861,799727076,1158791746,1246152180
1862,2737397046,1817851771,585968537
1863,2450512462,3276293825,311908321
1864,3416651141,1370142726,79373826
1865,1112358670,1722947245,3337749952
1866,149739478,2800159817,275824809
1867,2587282250,2330222003,1236240385
1868,279390877,284702318,2342262169
1869,2310146869,948636266,3375728992
1870,4015328467,3674899393,4002008025
1871,906802160,1145808842,4116339055
1872,2638656437,3454989218,3071847556
1873,3606719516,3574784784,2241649383
1874,3019573632,1743468101,455135302
1875,4239003795,7574054,3803419015
1876,2861085955,2056775951,2941020218
1877,1199703152,1611283483,1116837162
1878,492026933,4189469222,2051487951
1879,1815332225,1957786783,2466415294
1880,597537110,1737778292,2910502233
1881,350997536,57791048,162996993
1882,886435839,1969917639,1407164007
1883,3646305486,2217045608,2059762447
1884,1350908591,188151987,4190638088
1885,4261824503,3463273099,355032519
1886,2269160190,3871566109,1533798242
1887,396263225,1605488418,2195228074
1888,3140905334,3986482453,2027354563
1889,492896271,1828705966,3676360669
1890,1347266450,1303935541,3070865181
1891,3816643774,1571891206,1417452597
1892,3477298792,2014186256,3979419753
1893,2114844952,754325063,1629052693
1894,1427133965,1917748884,2267247912
1895,1184605390,261170614,3374863549
1896,970481907,2489585069,2151068509
1897,2560637172,2957413167,468571764
1898,1571541597,29639942,419959515
1899,2082511753,3078150720,345409458
1900,2752613054,1229684720,3269226895
1901,2584209666,2583122413,2479656361
1902,2261925428,488567359,1076051026
1903,2590667739,3537113045,21257125
1904,3696333929,623520186,3046487870
1905,3115151794,2155291840,686224487
1906,3815962256,1967653486,1835482059
1907,1392029215,1430533284,774328337
1908,2313782333,3703624084,683338271
1909,2512517619,525403904,2942208432
1910,618744994,996840201,1807907609
1911,2307015055,448300361,2771074673
1912,1039696112,3830630591,1648627058
1913,2739589032,446786344,2043996110
1914,435158099,1558676320,2746492749
1915,2286195661,1077562272,3813785711
1916,3061589503,724155050,1797543721
1917,575277400,3985480719,1202834539
1918,704406026,4152268861,701597172
1919,1166121048,1528431660,3584471329
1920,3315709980,1246868142,3589260615
1921,3815782540,3035617510,3897974078
1922,3057143199,1281683216,3322618124
1923,446442928,2539363948,3163497488
1924,3544739402,1289777201,4039883150
1925,4068037005,3576927547,2105503344
1926,1454494186,2730043755,3330213485
1927,245504628,1484402717,2668496218
1928,3988367238,557867287,3825698120
1929,2810698299,3272014717,3174708039
1930,3955160268,107090489,467208600
1931,2817403502,2003949893,4108063450
1932,3358846751,2865439637,667758767
1933,2212247174,3334401755,1240007620
1934,4243967165,2094982849,531140029
1935,3879830959,288228513,351502438
1936,2944246847,606196166,743289512
1937,4083463679,3079611606,3116380223
1938,683088074,3168742325,3286209278
1939,3189810047,2662096771,1704320222
1940,1975970864,3166901257,1287803028
1941,1403373102,4122552350,2654860982
1942,3109479634,2703182946,2050580459
1943,2751477144,4132949262,4050132702
1944,1916402494,1133330093,1365745639
1945,47402626,735316008,1732763211
1946,3985292786,1401641593,3675965833
1947,1616880258,827378784,416878961
1948,215502331,2680853792,1042704407
1949,1037380059,1126850743,3099438628
1950,2597990868,2185320255,165060153
1951,776633290,728921934,2557923202
1952,3427358472,1791222382,524998448
1953,1818379269,233902108,2518772394
1954,1211335917,3559914593,2788546718
1955,2250305710,1484097689,2371500761
1956,2091033494,2500554317,388554406
1957,1400203596,3217870891,1683400610
1958,3968367441,2390541609,2110224674
1959,585724327,1351543678,553660611
1960,768850596,66260088,1430468143
1961,2869190204,1775555907,2222207055
1962,1047013206,332434204,642770732
1963,4017635627,1093500711,351802018
1964,3327816319,2056469717,3647808418
1965,1384728148,4039904749,3489166646
1966,2786190002,132562413,3605113213
1967,1993069144,3299602379,2920230862
1968,1636580364,1142658973,3989380771
1969,1771977328,793972737,3046939496
1970,2278275391,1610713599,3676359915
1971,1594423030,3063600101,1496613171
1972,2075384997,3077985509,875900136
1973,4063789446,534342842,2735510179
1974,1393040242,1857258848,4147036876
1975,3294965403,742312151,3066634089
1976,2106626817,2218701334,3292840234
1977,411262778,3103931240,3428768081
1978,612750538,1846260729,1104084426
1979,1568145371,671278073,2615271795
1980,1470846681,2288674163,2675102722
1981,3915289979,3321598990,4008468557
1982,1338752012,2670132077,1247566061
1983,3127094370,523758344,2008642999
1984,589264866,2521732605,2814846780
1985,2167127755,3931902230,2172571491
1986,306453935,524596807,3216321927
1987,4209542658,4066741063,3667874490
1988,2129030750,971554285,4127360205
1989,1014482796,3319030791,854295736
1990,3537495618,3510329908,304848493
1991,1798371798,1862092745,311535460
1992,1223913620,934025237,4026205471
1993,260462438,2108685587,1179754078
1994,17986651,4107601752,1218945891
1995,2702377462,3342615233,2290213582
1996,2726099931,3696048563,3841439791
1997,1404339617,3098394003,1340018398
1998,4217999134,3852063600,2182391421
1999,221553549,3600237537,2148797363
2000,1764480299,4047134178,1356713025
2001,1838762486,1680569314,3040504948
2002,2548346755,642880012,3548575467
2003,1614655163,805189775,1398252624
2004,1251562571,2950515204,2093291748
2005,913517002,2785799904,3297276076
2006,1615454902,108668637,4096912325
2007,1832159724,2243155315,3680413876
2008,2229712966,4293863778,2688580633
2009,592188222,594447385,354143702
2010,648396665,2618920857,2041990786
2011,2738038359,2558945297,3216970999
2012,3838407754,2513123733,2431524974
2013,701095238,2198204430,2569120849
2014,3363107891,365226258,427243212
2015,1485848130,3841346606,3992477170
2016,4263773216,732097950,3632748858
2017,37427404,2358352809,29114082
2018,624935414,3380004720,2959855846
2019,3773586747,3606667499,1926749900
2020,478013519,637273290,2634192737
2021,21922207,2155155549,2638807288
2022,3631547206,3055466334,2934238929
2023,1436626925,2355759131,3831143395
2024,886037799,4127307057,3805824259
2025,656705888,3465625246,1758689836
2026,672284973,328674516,3337158892
2027,2413747412,3764331199,4154251413
2028,2113261655,3598295868,358840314
2029,3777798364,3502135867,1945795292
2030,3555559699,1463301929,1507629427
2031,220835309,1902973624,443539824
2032,2552544885,1751521574,3615714435
2033,638910843,3805690267,1989149889
2034,1501653082,11379857,2987804590
2035,2205651139,2105990855,2985100173
2036,2816812526,3548135595,2998469762
2037,3075900008,220717788,3577032839
2038,2000704553,1450679779,3324536652
2039,309533480,447144191,892948898
2040,3686283257,2702882822,2951364632
2041,155366782,3190088838,3153107323
2042,748278557,2258451029,3729289747
2043,3612701063,3415301048,2323534028
2044,117736594,3880900681,2843804877
2045,3191672659,1300264349,3728705122
2046,9451799,328753342,125248930
2047,671503987,2026479867,240584529
2048,902259303,3777102766,3382696313
2049,3232312750,2627692303,2106484927
2050,3830608476,3448367081,157076634
2051,1668928898,299738327,4207139821
2052,1100874092,4022937793,2447194565
2053,4076338435,252190245,1963082938
2054,2775705041,3360281112,3439420096
2055,3865346201,4248396451,3948634330
2056,2100780559,720465827,3417687771
2057,2601688179,675660132,750191767
2058,3399583571,4009485436,3765698102
2059,595593768,2310889717,3408293860
2060,2557125167,2986316831,2449938968
2061,1750225125,3588323604,824783570
2062,2885636438,881882837,1078022867
2063,4270645427,1863175069,415406786
2064,894971229,2938801694,1964723516
2065,1129829990,1357208157,2973918135
2066,3379244614,3151900994,196531781
2067,639584363,247768265,2637576720
2068,3271859972,1442522896,3191766902
2069,1227040017,1002907037,126538095
2070,641476009,327621905,799105350
2071,3284622260,2324427529,243433804
2072,345698346,1329246394,3658297843
2073,1925623251,2773687076,3641801264
2074,890190383,2993372609,1107536467
2075,443200332,3193309738,1680353987
2076,855364598,922951992,3179220066
2077,3631991675,2789330041,1098880213
2078,1394781296,2866225617,3649268358
2079,1274697721,3799486396,2060765283
2080,2489064650,1795632834,3096905085
2081,2812585795,3783960672,4211477820
2082,1495490639,4012248086,2199919172
2083,3866403070,1372284519,1390824488
2084,26218013,2683927126,2181733340
2085,2863696838,2054242765,4122462707
2086,3037945583,1951373251,137277511
2087,746788360,2607431435,4143308599
2088,4204347875,4038094536,3223206349
2089,2209994390,973277480,2227280506
2090,1003693936,194851266,241464227
2091,1212016717,32269874,613676291
2092,1358178744,2285616416,3715798656
2093,3270694492,1909565524,1867046297
2094,3997672805,88339727,1816912537
2095,453880431,3607360688,1740606664
2096,2139412945,3325989089,1731815214
2097,2378927892,571756271,2036648093
2098,3950857537,2516806583,74491912
2099,1782928223,3525026430,2203027785
2100,2264167389,3041391596,3933089756
2101,133375923,3170346972,2533451880
2102,3547863940,2619413518,3385805240
2103,2850202696,887845588,1269431394
2104,3990085247,3351664862,1731885995
2105,1444855447,2470980492,3226027238
2106,131480645,4203234775,1620803207
2107,819091864,3908854286,1257278410
2108,765787279,3457342642,1640740703
2109,3484533181,1419070066,2745751850
2110,4191868397,414056406,3053037705
2111,2814716069,3888919997,4230624153
2112,2657938255,3470946033,3833242396
2113,3103194807,304695293,3772250827
2114,934211624,3919562071,2786454470
2115,3959851447,1690668955,3400522806
2116,2328826786,1992823678,549645748
2117,1835915110,1660466036,410942615
2118,416887309,3037897519,135684193
2119,1490863596,242528806,3118014772
2120,2938603891,1965865444,783686499
2121,370680844,3471403365,3391041508
2122,949797793,2105197853,249398941
2123,210407855,1404884146,1885304399
2124,129056484,3352722237,140032701
2125,888226560,3512083422,3686454675
2126,3106249313,3705051890,3988945210
2127,2748514206,525499873,3095403918
2128,548336172,2798446835,2044986908
2129,668563354,3007386373,1861892204
2130,1064408683,2671596246,302944498
2131,2588154945,583875618,2620615477
2132,1377004815,1521456238,2918479505
2133,3164191216,526984600,3542549078
2134,3490379858,3167657088,3633798043
2135,2381637927,3751349636,349023164
2136,635027541,1157704351,1805940251
2137,3384450792,1277700524,2908576614
2138,1733162087,835821517,3076424843
2139,2479979509,2043660240,2869488806
2140,2522754173,2735023193,2786026240
2141,4200986145,4027084364,3436849133
2142,3035133425,2620038033,1612387038
2143,2130485721,2349506919,257717104
2144,3459356241,1864086211,1100831679
2145,1253493017,3416235768,4223309680
2146,2943621973,3158187548,2102509467
2147,914256273,2751543591,2565372477
2148,1148456309,2924697619,1288418033
2149,3708792039,3631969897,616999887
2150,3080886377,3931162049,1671909684
2151,4166370813,320309190,3868896660
2152,1570690274,2485089846,3266615326
2153,2883538398,138155024,2241130065
2154,746750860,2731172928,1714496162
2155,613889029,2920398409,143880385
2156,1631428150,3987542656,3038779827
2157,1620011289,2314889620,2595108133
2158,2049515477,3490572586,1196373206
2159,3702286891,4009982578,1078803731
2160,3083446509,1728218292,1278198353
2161,1352278652,921559354,917251937
2162,3333721967,1238473829,468978701
2163,1874112751,1003129230,1233727207
2164,1694118483,2066335501,467890830
2165,3766794468,750063175,2049842266
2166,3025553494,3506456415,3471801555
2167,3001794327,3325430993,313938616
2168,2541956551,2014176825,2727390483
2169,447335503,3911529611,1124234675
2170,4285731305,789246894,2729548287
2171,1976798235,1955971322,1612128584
2172,234185224,2729468738,3536603858
2173,2235355371,2005716561,2180435000
2174,2118130631,713234352,142249757
2175,268150418,1630810461,2130868757
2176,3326045677,1943890787,1272212988
2177,3492100325,830234985,2000525390
2178,2248059729,2438242295,1841321000
2179,517400050,1214772009,4274977914
2180,3190609583,3213769839,2312586644
2181,3891752261,967695630,865447692
2182,1414483600,3443532747,2248888672
2183,792445356,2943722305,310612135
2184,2440217037,3781952317,1628741649
2185,4193905513,3030853310,2256857046
2186,1545388287,1333062534,4229551985
2187,1842716892,3497269997,1588726018
2188,1318001150,2556631665,2320838172
2189,2096718209,3847497126,1606425685
2190,129040188,1826707335,4017999674
2191,427708107,2348471617,2416491943
2192,2520039981,3545419855,3061682231
2193,4270694039,1023770213,339737391
2194,4119440129,4206781454,3964720005
2195,1847685926,406871577,3036752248
2196,1549980845,3909974933,407727791
2197,3756994206,1893092367,1290529083
2198,805489733,3552059344,2475892268
2199,2073558100,1315151601,728775605
2200,3432722478,2699222024,1824859377
2201,1763264339,1350945646,2735831604
2202,1314513211,3319247247,2425304112
2203,1347667459,1368826606,2934225766
2204,1959293480,3716559400,771882065
2205,3535916266,280119193,3469973085
2206,3302505846,3464747732,746675340
2207,3383204965,831016416,1075004326
2208,2273026242,1704322218,2453340416
2209,530101999,926034491,1172293797
2210,2608057920,1666967422,2906331668
2211,2421923568,4121288605,1616442165
2212,3146581182,2741869394,1398871809
2213,1198448107,359872298,3640004927
2214,424626836,3774180079,2163273206
2215,47386218,3069094431,1024054447
2216,1738696085,766480462,1243942554
2217,149699487,3157271219,968703053
2218,1275702209,2266405302,3082520711
2219,4176933324,937987388,1596903879
2220,588795357,2783960290,2694396883
2221,1717656487,4183208179,1785491081
2222,2287261207,4024371219,304189205
2223,3436725948,1710402572,1238862862
2224,2080830196,3883064510,3808528735
2225,282684903,364509887,1220101277
2226,2822011591,3070667954,1284776751
2227,3114922014,1415404636,1010622611
2228,3087278844,1230097358,2949872800
2229,727756748,2472806769,3706419144
2230,3488626477,4137754653,1471026255
2231,4009326899,3399197876,3888468724
2232,1141865749,231874565,476605863
2233,3302708857,2327092823,45473675
2234,3466825439,569353862,3978016431
2235,3601257253,428389188,3844373304
2236,3925177126,1990453503,4284684256
2237,290638202,1596165091,3518026922
2238,1598035302,2202619931,4147606484
2239,729982899,2039025244,2182596099
2240,2857505423,2850035861,599754098
2241,3081207796,2787422280,1035244220
2242,3692619949,4005172224,1019012646
2243,3548105767,272848444,2850071017
2244,2400038847,2645604764,1813104367
2245,3424018711,3280701396,2423652166
2246,3651964687,3039287157,4249264425
2247,4110985985,2849846911,2112684527
2248,3911732546,3479323453,1977492187
2249,2315507420,4144889521,2944033499
2250,4081489962,2670536510,860021022
2251,2523083926,420724503,2464351599
2252,4058306336,4091546778,2861491733
2253,1127448062,1380077921,290774141
2254,1997348824,1541257858,3126986341
2255,3944969891,4075286321,149506730
2256,1181435469,3603907735,2881717575
2257,3465603249,4259725371,4182322560
2258,831814045,866963698,1126261949
2259,2072699707,3689417639,1333123779
2260,3042899332,812388682,952367224
2261,701076384,2941475473,2646634357
2262,2394268441,4114891230,1648401643
2263,4263472657,3130592418,2036886152
2264,4060294227,125622788,2366901402
2265,2322486857,1151031629,3244999291
2266,3179761219,2771881593,2091530927
2267,2500203345,1424241284,143054939
2268,1201829916,2938744895,622438489
2269,3278050673,4287413279,1330787139
2270,4055250058,1581692190,2404030354
2271,3165758302,527378042,2101346333
2272,3987239102,2009778814,2856097150
2273,972633412,2471607787,552126283
2274,3246129137,1672298529,2866785954
2275,2500862957,2938409428,49607712
2276,519564062,3743300238,3016532202
2277,790165617,3598156679,3513085133
2278,2955447750,4280050401,571850820
2279,3699836128,2056998568,3773118136
2280,3751038676,4158781800,1152001560
2281,1944323221,1001053536,4002121739
2282,2258193124,891877095,1699227252
2283,2474521118,3431110468,333183089
2284,4037889409,4141252238,1413173443
2285,1641132354,1407966639,764854418
2286,2757495242,3377399245,3630383521
2287,4109592928,2098506800,655911762
2288,906346332,4238696870,3807287695
2289,1910183248,2205758668,3842946686
2290,606422652,520842252,3281758788
2291,3253473079,1938676491,4019321240
2292,1591221710,2817172219,3752726467
2293,1796538993,803509656,235996608
2294,4199750158,925903840,1962403393
2295,2487201745,4258304796,2096487110
2296,3850763024,4069038385,768312100
2297,1053665558,2735667575,4068583998
2298,685989824,2078437254,1541178276
2299,3808856985,3449500415,2042967047
2300,410534502,575718494,3755281359
2301,3424941006,2308791558,1812796025
2302,3032450116,2946695486,2750902296
2303,2607909625,3780130304,1883498791
2304,1490745963,294696785,4085209955
2305,1674027612,1571019639,755956589
2306,1594307406,4279721184,2611770268
2307,1813730839,2337199281,2111028953
2308,4035885719,312050474,1212532478
2309,3937526240,2347279193,3026398002
2310,1804469041,42913368,3656991889
2311,1144265530,1805171744,2818964430
2312,2593987998,1248684698,1660574371
2313,2926473564,3038997347,1461320416
2314,3688262127,789356760,2396512691
2315,3342543920,1688647602,3656510930
2316,1224939310,1256174351,1951757695
2317,2732939163,2309158504,631137034
2318,2414321416,3032581293,803330073
2319,3657272646,4093622681,996866022
2320,17068137,3323403645,2450362967
2321,3096209764,398951074,3105069400
2322,3324455391,946206514,1283231025
2323,2215947244,534752860,2939099427
2324,1447585075,2386280849,1835525120
2325,3017894130,3358077350,4164755393
2326,2507574312,66940458,708457589
2327,606489625,1286193098,1029050484
2328,1544060616,2014461217,2337906818
2329,1460716666,2028517044,2079315188
2330,3732996203,452390302,4256960
2331,1862179319,1811999382,1563747128
2332,1898826948,1851214025,3983629754
2333,2014565153,3914147049,1523662560
2334,196870673,2502898327,76552387
2335,1168054183,1876026685,3578665307
2336,3639657759,1738345412,3902107835
2337,4102999827,2950189089,3023563888
2338,4249674898,1321267967,4267598790
2339,3269440155,1538460464,419882654
2340,2348731070,1284772970,2893036809
2341,382996541,2427435807,1053416405
2342,4245564049,679619266,1672506843
2343,3695015631,2624209291,498522600
2344,358985581,85074985,684148406
2345,2982252664,1953967279,2805034674
2346,2751094819,665391467,1450684421
2347,4012861429,15800852,2124209171
2348,3592558527,3931690137,1770788268
2349,1885099433,25166903,693047333
2350,3535884840,425728715,2585416427
2351,3378540399,2822897490,2546063576
2352,400697440,3204082496,2674751651
2353,3320426780,2733727109,858069953
2354,1863569767,2279314068,1027601711
2355,681165727,4260988792,3269318449
2356,2430021236,3504898633,2651159700
2357,1174624181,2605862090,4213716559
2358,601088,1960809971,1155645000
2359,2140545800,3343574850,1597977941
2360,2758356853,1944503160,662430823
2361,553502877,2788623825,4265296287
2362,233047464,1334177982,2676813749
2363,2461534545,793142300,4060464444
2364,1200310537,1938379116,2160387005
2365,4156032623,1550459146,3849231990
2366,3812683318,116570526,2347269050
2367,4013075907,4174305956,1427901274
2368,3485439524,3583465641,2531056232
2369,2642971896,1084648119,3526613206
2370,532467995,1484578187,612558206
2371,1974498878,2372699216,1499945154
2372,2644874325,3153104526,2540001232
2373,4231860795,2499594563,1197638069
2374,402402338,1254550464,3818576017
2375,3731373459,2510001007,3772718268
2376,2079585035,3393087460,3606627858
2377,3751739862,3386232252,754830372
2378,554306744,63290526,348321563
2379,1908776310,1986838433,642584058
2380,2689986996,3386814828,4033995926
2381,1720033477,744028602,2490326834
2382,4271444107,224967937,2796801995
2383,1003509164,1041110461,3777746299
2384,3353207979,869016032,1671697440
2385,3596090676,2515799690,769987897
2386,2248363895,856739375,1610625660
2387,511635785,2440119273,211730913
2388,3869504018,3162561214,553709003
2389,637532114,3601372519,1535002720
2390,4167548244,792169647,361568267
2391,1991335133,3386069001,473601850
2392,2420355866,1578185497,2289884842
2393,3174019104,1479842879,775209658
2394,3896373032,2490691045,3948231373
2395,3842913716,3722560026,830513818
2396,1727749864,1169175312,2363394679
2397,1186636731,3886981558,608548493
2398,1459617864,92266301,4001227135
2399,874203627,1907985675,1754529240
2400,2347811150,227753291,19730879
2401,3918282444,1174184215,3461188401
2402,2812858650,883747777,1243213275
2403,3451581353,2574172805,1337310657
2404,863350802,3387497845,3888576430
2405,201609653,480606310,423973145
2406,3045883584,2713901008,4019316313
2407,2330502917,4201111152,1822574731
2408,2209688568,3197590086,853146973
2409,389114695,3009555599,1951733422
2410,1077719149,1805492558,884116198
2411,3569487619,2684402677,4044224843
2412,2320595480,1215152344,1779113188
2413,1608920818,3438447462,7529743
2414,2325403625,1334129009,1403238753
2415,3180998427,2822838918,2425733905
2416,3307429025,2750577740,2188827520
2417,3851967905,739166606,1896802267
2418,4197942062,2985071038,3918003708
2419,605470506,102746679,961352696
2420,4253371096,48526689,1050338509
2421,212119395,832226795,1805369149
2422,1253947019,744540676,1723484254
2423,3240141873,977607804,2237938662
2424,4088845572,674453785,226847726
2425,1922335308,2473784260,3001184953
2426,2755238392,2506464295,3383994369
2427,3808090796,65346567,1083329791
2428,1621953024,87491000,1402893415
2429,2281459837,2200702710,1537595510
2430,728549630,1852992317,2529087116
2431,1656479398,254845688,2240448663
2432,760053900,3391917160,1507835990
2433,2282335866,1136861163,1049589659
2434,1743177681,2718898228,2217024783
2435,2996242090,3554916405,2792238112
2436,3781282227,3903084216,413704364
2437,1215559856,137443576,4088146883
2438,4108561378,1351943518,3639571454
2439,1567781657,2347635199,584480025
2440,3506651823,2695714737,3395422288
2441,827410063,269064825,3832329856
2442,1105213847,2219192421,3703170055
2443,91027518,505161725,2832722801
2444,3667324563,529562049,48653371
2445,320021493,5601584,924099569
2446,4091356114,99092347,1504722367
2447,2227657957,3357928159,1387437502
2448,2373274059,4131085948,4219955808
2449,1936260652,2139195942,2476051848
2450,3056879168,1567106101,1668398914
2451,2100488136,3452779772,2123289827
2452,1420528831,2274718195,691954995
2453,1542320833,3263060162,2341573516
2454,1059598732,646338194,444981001
2455,3187626230,4223606258,237293696
2456,3149922026,2068688334,1364652764
2457,2015129784,1784778413,1511728365
2458,2070403414,663884691,1445629232
2459,3011006883,3020063760,2575438107
2460,31359313,3908783785,3263015979
2461,2341135205,3528502816,3460410990
2462,1103376361,1518289026,974604035
2463,11502015,3549765527,2191327088
2464,1106271583,4158098789,3618111888
2465,87205835,3346115048,3168274924
2466,1580006520,2027962255,1552783643
2467,2054686218,2693975985,3873289785
2468,148567596,3656999084,1387536661
2469,3048271030,3430435574,3974074464
2470,2364260790,2810750041,541426556
2471,3187439360,3756730125,468240408
2472,2192661039,2621671833,3862764954
2473,522741490,960366651,904431492
2474,3155769346,297579611,2549153036
2475,3116875033,3439171036,934165168
2476,2362891878,3249450229,4115565036
2477,719037600,4227665218,3746687542
2478,1629097593,1279159093,2315479366
2479,2633352459,3671089085,241534712
2480,3123732663,3615785544,1235638306
2481,1100464380,3536553413,3675587089
2482,2725909440,2758250913,1162574354
2483,1169263738,2855665998,3699473095
2484,4204972439,3693269754,2053257119
2485,3380784943,2669803501,2663078983
2486,3293033008,3604150323,769729880
2487,3284820654,598418559,4189459663
2488,2866525685,4230651968,2236808701
2489,2039479624,827800050,2927989343
2490,1479876649,216042476,985081410
2491,2382462230,4001219081,4008286701
2492,3624202896,734174876,4293449364
2493,3699751285,2550679900,3611033254
2494,4079868809,4239669927,3591591951
2495,3082878487,1319548706,3892127060
2496,480983891,3284382258,2869354078
2497,2012718647,509086645,1931486320
2498,3832824993,1878510252,2532395824
2499,2866202583,1016559620,967425220
2500,3039204440,3348904912,2108414732
2501,4226150508,2419245962,1982473287
2502,1073391446,2063043874,3533177134
2503,3216732321,3611385314,2535827973
2504,975870458,1017237611,1090596978
2505,4262755850,1708013488,2914216110
2506,4148800790,856091388,2029371447
2507,3772351763,101205735,1497234867
2508,1020273794,2776537080,3191630133
2509,4280505703,3926820185,720598600
2510,1746373652,2385602127,2232231801
2511,1366446274,2449578941,3497215702
2512,1301877744,1459657645,94159175
2513,2392421265,1144430455,1406324494
2514,1181892339,3475139766,1279104592
2515,311311793,3895057589,3694813593
2516,2184561314,3188756628,1158498876
2517,3673432001,1735491064,599380234
2518,4213526451,312979278,241698167
2519,1088185554,3173386794,509521664
2520,1365030411,1500251888,569318397
2521,4166573773,518745469,1072324096
2522,2138204191,3718316367,4019865039
2523,2622322539,2479043255,3143680622
2524,155278293,3775178435,3276032618
2525,2815088356,4094145523,1381806678
2526,3018645114,265029993,597380800
2527,1172612813,380798113,3549066707
2528,3640228826,1462396908,3655541326
2529,361111458,4255144389,2550627353
2530,1216628002,3154212645,943576829
2531,2103041779,1482806584,3448679096
2532,1566887458,4267916500,209368360
2533,812896300,2490248572,2601329990
2534,3524651906,2447959737,3788535851
2535,362364826,582974477,3388271750
2536,3748054531,3529278945,2025416931
2537,423741019,1264967348,1206220008
2538,3127425609,3348862837,3575475098
2539,3852522212,2899431939,3734044018
2540,361240202,3549397679,1900242982
2541,1517460801,346660597,3312291489
2542,837021998,1830272509,706437436
2543,961000377,2536994696,661752717
2544,3296866085,419043526,64115950
2545,3251800612,3866510681,1371745643
2546,622136754,3804882598,1731325722
2547,3324575278,4034700660,175130233
2548,3896420347,763859467,1784289997
2549,688366111,1839278643,76590838
2550,3310449530,3941206843,2732537832
2551,3704430012,4044574811,68196020
2552,1056276967,1390372889,1512636807
2553,2725788491,1399617277,1083272680
2554,2837450763,1822725381,3250605096
2555,2002249533,2461079120,2267986551
2556,241473130,1734473180,447559949
2557,1150362352,1201690610,1400415787
2558,639705874,1983211115,4216358035
2559,4242979085,3515951256,3279198562
2560,642014214,636592680,1992233050
2561,1179722013,3634266546,2622899520
2562,2431338468,2085156195,2469160188
2563,4019208560,3302616067,3628713041
2564,4032536529,2466389856,4040747671
2565,771951906,3806644039,288809115
2566,3989141327,216815198,229154247
2567,1829077866,1107015225,1411954845
2568,2909208261,668868347,2384572956
2569,3247386905,1669492692,3932269482
2570,2177805373,3868660184,1989230801
2571,2912155098,2315229566,2211826054
2572,1147870996,1215296095,2590869898
2573,2420850281,3624975973,1031746717
2574,500271913,4163197389,260715617
2575,251599693,2317611444,3858962562
2576,1221776038,3315328087,559268909
2577,1166216219,68431790,1802005007
2578,994063504,1114636471,813678622
2579,1071948981,2555371865,2989962108
2580,198671038,2844615491,2972665231
2581,547207680,521135393,598297572
2582,901842763,3657730210,1102723036
2583,1657200676,358903494,3446282052
2584,4154201230,125675239,2155550227
